Event #,Cell_ID,label,Tile_row,Tile_col,centroid-0,centroid-1,mean_intensity_PD-1_nuc,mean_intensity_PD-1_cell,Global_y,Global_x,mean_intensity_PD-L1_nuc,mean_intensity_PD-L1_cell,mean_intensity_CD68_nuc,mean_intensity_CD68_cell,mean_intensity_CD3_nuc,mean_intensity_CD3_cell,mean_intensity_FoxP3_nuc,mean_intensity_FoxP3_cell,mean_intensity_Iba-1_nuc,mean_intensity_Iba-1_cell,mean_intensity_CD8_nuc,mean_intensity_CD8_cell,mean_intensity_CD4_nuc,mean_intensity_CD4_cell
1,2,3,0,0,1950.52063,1896.396729,66.66941833,30.9375,1950.52063,1896.396729,24.49586868,12.484375,1.495867729,1.958333373,0.330578506,1.614583373,1.628099203,2.002604246,0.471074373,1.736979127,3.363636255,3.130208254,2,1.958333373
2,18,19,0,0,1517.336304,1419.990967,142.6181793,44.03171921,1517.336304,1419.990967,38.29090881,13.22036743,1.136363626,5.435726166,2.581818104,3.687813044,0.9909091,2.482470751,1.727272749,7.811352253,2.527272701,3.744574308,2.063636303,5.474123478
3,24,25,0,0,651.9124756,2021.362549,112.6750031,44.47450256,651.9124756,2021.362549,53.28749847,23.88248253,1.587499976,2.124168396,4.712500095,3.77605319,1.350000024,1.962306023,1.174999952,2.729490042,2.299999952,2.676275015,1.325000048,1.718403578
4,29,30,0,0,2042.49292,758.4084473,27.57746506,28.38736916,2042.49292,758.4084473,21.33802795,16.23999977,3.084506989,3.309473753,4.676056385,3.894736767,2.323943615,2.83157897,0.676056325,1.564210534,3.281690121,3.425263166,2.028168917,2.275789499
5,31,32,0,0,1746.199951,1038.72168,120.1565247,52.67049789,1746.199951,1038.72168,52.56521606,22.69476318,1.930434823,2.821200609,2.878260851,3.453384399,2.286956549,2.904214621,0.913043499,2.143039703,3.434782505,3.70498085,3.321739197,7.154533863
6,56,57,0,0,2043.443481,893.3826294,116.0347824,69.90723419,2043.443481,893.3826294,21.06086922,14.80704975,3.973912954,4.864563942,2.052173853,2.621521235,2.947826147,2.823747635,2.565217495,5.71799612,4.730434895,4.523190975,5.808695793,4.98515749
7,57,58,0,0,1612.433594,472.6902771,46.1946907,18.69792938,1612.433594,472.6902771,25.11504364,9.116930962,2.247787714,4.26431179,1.902654886,2.421437263,8.185840607,3.925700426,8.070796013,7.132764816,7.300884724,4.230206966,7.469026566,3.942752838
8,62,63,0,0,1214.790527,1525.333374,80.20952606,39.37121201,1214.790527,1525.333374,22.00952339,11.26515198,3.942857027,6.656565666,1.619047642,2.330808163,2.504761934,2.694444418,7.199999809,10.71464634,4.990476131,4.805555344,4.095238209,4.441919327
9,68,69,0,0,1638.511475,1501.442505,136.4367828,45.08094788,1638.511475,1501.442505,46.67816162,17.03113365,3.482758522,4.891656399,1.442528725,2.452054739,1.758620739,2.320049763,5.298850536,9.778330803,3.856321812,3.88916564,2.419540167,2.272727251
10,70,71,0,0,1618.182617,1390.161865,174.066391,98.2978363,1618.182617,1390.161865,47.48547745,26.44259644,1.526970983,2.683860302,0.502074718,1.921797037,1.377593398,2.227953434,0.93775934,2.362728834,2.780082941,3.35108161,2.20331955,2.337770462
11,95,96,0,0,1932.599976,1416.459229,19.3777771,16.06604958,1932.599976,1416.459229,40.51852036,13.58864403,2.837037086,3.045191288,1.07407403,1.895712614,3.570370436,2.694090366,1.496296287,1.987253785,4.422222137,3.435689449,3.081481457,2.292004585
12,111,112,0,0,1624.277222,1351.413086,182.4239197,67.75230408,1624.277222,1351.413086,65.91304016,24.624506,3.451086998,9.08959198,1.711956501,3.579710245,1.826086998,3.583662748,11.21739101,40.29380798,4.875,7.689064503,4.853260994,10.204216
13,129,130,0,0,1887.642212,1465.513794,22.87155914,22.79974365,1887.642212,1465.513794,33.57798004,11.67394066,1.761467934,2.747111797,0.899082541,2.875481367,3.522935867,2.75481391,1.761467934,3.124518633,5.009174347,3.830552101,3.651376247,2.555840731
14,132,133,0,0,1510.955688,1178.677246,57.90506363,43.66400146,1510.955688,1178.677246,21.01898766,9.211428642,8.987341881,6.405714512,2.430379629,2.052571535,1.772151947,1.723428607,0.303797454,1.931428552,3.468354464,3.035428524,2.607594967,5.142857075
15,138,139,0,0,1970.469604,965.2695923,33.04347992,21.23753738,1970.469604,965.2695923,20.76956558,11.39687157,2.778260946,2.742913008,2.1652174,2.983382225,2.604347944,2.685239553,8.860869408,6.220918655,4.739130497,3.949169159,6.265217304,3.015640259
16,153,154,0,0,1991.296753,1285.12085,13.43956089,16.5027256,1991.296753,1285.12085,48.06593323,13.80381489,2.351648331,4.173024654,0.824175835,7.027247906,2.065934181,2.832425117,0.439560443,2.381471395,3.615384579,3.980926514,5.098901272,8.606266975
17,166,167,0,0,1130.891602,1514.167847,99.31468201,44.48368073,1130.891602,1514.167847,26.5489502,13.67556858,1.891608357,4.159248352,2.115384579,2.797230482,2.444056034,2.589515448,6.807692528,16.99901009,4.730769157,5.517309666,4.339160919,5.265084267
18,193,194,0,0,1933.197998,1291.405884,16.31683159,16.62419319,1933.197998,1291.405884,30.48514938,11.45645142,0.831683159,2.522580624,0.455445558,2.222580671,1.257425785,2.367741823,1.386138558,3.659677505,2.841584206,3.467741966,1.118811846,2.011290312
19,206,207,0,0,1528.087402,1410.686768,93.35240936,56.68613052,1528.087402,1410.686768,21.94578362,14.10802937,0.195783138,1.195620418,0.367469877,1.297810197,0.5993976,1.445255518,0.216867477,1.16204381,2.292168617,2.601459742,1.668674707,1.870072961
20,215,216,0,0,2020.313721,727.3071899,19.42483711,13.99217892,2020.313721,727.3071899,22.94117737,15.99553108,1.450980425,1.230167627,5.156862736,2.166480541,5.993463993,2.546368599,0.418300658,0.87150836,6.1960783,2.84245801,2.869281054,1.729608893
21,240,241,0,0,848.444458,1902.676758,153.8855286,70.96688843,848.444458,1902.676758,23.44107819,12.90066242,1.713804722,3.017029285,1.777777791,2.866603613,1.228956223,2.111636639,5.441077232,5.944181442,3.734006643,3.865657568,2.653198719,2.839167356
22,262,263,0,0,1724.387085,549.7338867,22.56451607,25.63979149,1724.387085,549.7338867,21.18548393,11.7373209,2.451612949,2.27048111,4.346774101,5.319895744,8.548387527,5.015604496,0.95161289,8.011703491,9.314516068,6.434330463,7.193548203,4.455136776
23,276,277,0,0,1900.776978,1935.973022,11.18918896,12.3565712,1900.776978,1935.973022,46.76351166,14.02857113,1.081081033,2.73942852,1.297297239,3.205714226,2.5,2.694857121,0.222972974,2.003428459,4.331080914,3.461714268,2.601351261,2.266285658
24,290,291,0,0,1706.465698,565.2876587,19.36301422,25.39877319,1706.465698,565.2876587,23.43150711,13.8588953,0.732876718,3.793864965,3.493150711,4.257668495,4.164383411,3.879754543,1.561643839,12.37423325,6.1712327,6.541104317,5.184931278,6.909202576
25,294,295,0,0,1913.822754,1541.291138,83.24894714,29.8014698,1913.822754,1541.291138,20.51898766,10.11213207,5.603375435,9.747242928,1.16455698,2.905330896,2.734177113,2.75,10.11392403,26.05974197,5.312236309,6.916360378,4.881856441,6.574448586
26,297,298,0,0,1756.865112,942.1706543,64.92857361,34.75027084,1756.865112,942.1706543,28.39682579,16.40365982,0.28174603,1.851453185,1.515873075,2.654467106,1.150793672,2.706135511,0.289682537,2.069967747,2.944444418,3.181915998,2.353174686,2.191603899
27,320,321,0,0,1822.067749,1955.401123,66.38417816,27.0690155,1822.067749,1955.401123,23.0338974,11.00440502,4.288135529,10.47870731,0.497175127,2.759177685,1.079096079,2.067547798,1.293785334,4.97650528,2.333333254,2.935389042,3.683615923,5.051394939
28,332,333,0,0,1740.027954,946.7094727,44.76536179,25.06284904,1740.027954,946.7094727,20.4413414,11.65223503,0.586592197,2.156424522,2.597765446,3.104748487,1.843575478,2.342178822,0.849161983,3.976257086,3.502793312,3.719273806,2.12849164,2.698323965
29,336,337,0,0,1907.631592,1710.748535,8.473684311,10.19047642,1907.631592,1710.748535,28.70175362,11.03019714,0.812865496,2.04297328,0.508771956,2.38675952,1.122807026,1.833914042,0.298245609,1.382113814,3.070175409,2.691056967,2.222222328,1.815330982
30,339,340,0,0,1953.088623,1024.35022,20.31645584,16.72360039,1953.088623,1024.35022,43.88185501,16.89531708,1.936708808,2.172635555,2.240506411,3.012855768,2.662447214,2.339761257,1.122362852,2.951331615,4.168776512,3.394857645,2.886075974,2.391184568
31,352,353,0,0,1997.907959,1156.668701,14.73006153,18.51965141,1997.907959,1156.668701,36.67484665,14.50545883,1.809816003,3.504366875,1.595092058,2.37554574,2.601227045,2.425764084,0.134969324,1.740174651,3.539877415,3.86572051,1.950920224,2.244541407
32,368,369,0,0,1878.88501,907.3620605,32.08620834,38.71841431,1878.88501,907.3620605,61.23563385,19.4914341,1.166666627,2.540685177,2.120689631,3.107066393,2.385057449,2.7558887,0.442528725,1.992505312,3.436781645,3.233404636,2.540229797,2.266595364
33,380,381,0,0,1539.36145,1471.2771,35.55421829,22.67538071,1539.36145,1471.2771,21.50602341,9.863834381,0.831325293,4.594771385,0.716867447,2.086056709,0.5,1.693899751,3.662650585,13.29520702,3.451807261,3.763616562,3.349397659,5.093681812
34,386,387,0,0,1696.813721,1968.937866,9.360248566,11.94285679,1696.813721,1968.937866,38.13664627,13.21977997,0.614906847,2.065934181,0.577639759,2.484615326,1.229813695,2.051648378,0.397515535,1.38241756,2.24844718,2.641758204,1.919254661,2.238461494
35,400,401,0,0,1417.580811,1673.277832,92.96464539,32.23348618,1417.580811,1673.277832,25.30303001,11.35990906,0.717171729,1.935079694,1.959595919,2.851936102,1.929292917,2.063781261,0.833333313,7.821184635,3.030303001,3.481776714,2.454545498,3.359908819
36,417,418,0,0,1994.263428,1439.505371,13.02150536,15.46884251,1994.263428,1439.505371,40.76343918,17.64985085,2.236559153,2.845697403,0.672043025,2.307121754,3.279569864,2.727002859,1.34946239,2.344213724,4,3.731453896,3.284946203,2.894658804
37,428,429,0,0,1586.652222,1171.17395,26.45652199,18.13333321,1586.652222,1171.17395,19.87681198,10.46783638,0.768115938,2.097075939,2.391304255,3.280701637,1.398550749,2.121637344,0.840579689,3.259649038,2.797101498,3.447953224,2.623188496,3.098245621
38,436,437,0,0,1698,1105.179443,15.85256386,18.48744202,1698,1105.179443,74.59615326,20.32534218,0.692307711,1.43264842,1.282051325,2.474885941,0.711538434,2.049086809,1.237179518,2.984018326,2.525640965,2.824200869,1.262820482,1.537671208
39,577,96,1,1,745.9143066,224.6428528,18.3571434,9.5,2793.914307,2272.642822,21.0714283,10.57231426,1.799999952,3.675619841,1.799999952,1.985537171,1.571428537,1.969008207,1.342857122,2.826446295,2.17142868,2.101239681,10.27142811,8.396694183
40,711,230,1,1,344.1838989,897.7643433,7.097701073,9.339080811,2392.183838,2945.764404,21.83908081,11.89080429,1.471264362,2.49281621,0.534482777,2.385057449,1.718390822,1.905172467,6.683907986,4.278735638,4.706896782,3.604885101,3.310344934,2.379310369
41,723,242,1,1,460.8484802,783.7575684,7.772727489,8.203364372,2508.848389,2831.757568,38.13636398,10.07033634,1.075757623,2.015290499,1.818181872,2.249235392,1,2.044342518,0.287878782,1.574923515,1.25757575,1.525993943,1.469696999,2.798165083
42,791,310,1,1,1337.727295,164.0909119,142.5757599,176.8937988,3385.727295,2212.09082,23.03030396,20.71386337,5.378787994,9.646018028,1.303030252,2.914454222,0.712121189,3.35398221,0.393939406,0.932153404,1.621212125,3.607669592,3.803030252,5.345132828
43,819,338,1,1,1960.147583,149.3442688,40.47541046,31.75047302,4008.147461,2197.344238,20.37704849,6.190926075,5.950819492,5.001890182,5.360655785,3.419659853,2.573770523,1.94328928,0.213114753,1.882797718,2.049180269,2.869565248,2.524590254,5.402646542
44,876,395,1,1,160.490387,865.7211304,5.307692528,7.463362217,2208.490479,2913.721191,32.95192337,13.49568939,0.846153855,2.107758522,0.096153848,2.064655066,0.692307711,1.648706913,0.163461536,1.066810369,1.009615421,1.756465554,0.701923072,1.239224195
45,1000,519,1,1,1239.776733,290.5922241,8.038834572,8.61269474,3287.776611,2338.592285,22.9902916,8.313471794,1.553398013,4.003886223,1.378640771,2.54792738,1.058252454,2.477979183,0.563106775,4.467616558,1.922330141,3.199481964,1.262135863,2.208549261
46,1034,553,1,1,718.2975464,584.7520752,31.02479362,12.45588207,2766.297607,2632.751953,27.62809944,10.87165737,0.636363626,1.995989323,1.066115737,2.609625578,1.53719008,2.074866295,0.719008267,1.985294104,3.404958725,3.36631012,1.892562032,1.815508008
47,1047,566,1,1,428.6486511,434.8513489,7.108108044,6.770597935,2476.648682,2482.851318,45.10810852,12.45557308,0.905405402,2.59935379,0.783783793,2.798061371,0.945945919,1.815832019,0.297297299,1.061389327,1.013513565,1.998384476,1.337837815,1.647819042
48,1180,699,1,1,1256.855103,1279.652222,7.376811504,7.290268421,3304.85498,3327.6521,27.14492798,8.929530144,5.10144949,4.590603828,1,2.755033493,0.840579689,1.817114115,1.695652127,4.208053589,2.927536249,3.265100718,2.753623247,3.360738277
49,1242,761,1,1,958.6402588,84.78658295,8.621951103,8.327118874,3006.640137,2132.786621,28.54268265,14.93220329,3.664634228,5.525423527,0.5,2.369491577,1.542682886,1.994915247,2.957317114,4.886440754,3.341463327,3.701694965,2.506097555,2.859322071
50,1256,775,1,1,1159.359375,286.375,49.171875,32.49726868,3207.359375,2334.375,21.84375,8.715847015,5.640625,5.930783272,3.375,3.005464554,0.75,1.816029191,0.125,2.453552008,2.890625,2.728597403,2.546875,3.522768736
51,1286,805,1,1,714.8857422,635.9428711,10.03571415,8.933227539,2762.885742,2683.942871,28.12142944,12.32750416,0.45714286,2.082670927,0.685714304,1.796502352,1.478571415,2.015898228,0.428571433,1.664546847,2.685714245,3.755167007,1.442857146,1.825119257
52,1378,897,1,1,1868.740234,1745.636353,104.3376617,65.52941132,3916.740234,3793.636475,21.22077942,9.334117889,0.870129883,2.47294116,2.116883039,0.839999974,0.493506491,0.75999999,0.025974026,2.830588341,1.883116841,1.990588188,2.103896141,3.247058868
53,1589,1108,1,1,1066.539429,1208.311157,9.954357147,10.15640354,3114.539307,3256.311279,20.78838158,15.41995049,3.539419174,7.304187298,0.726141095,2.104679823,1.32780087,1.677339911,1.170124531,4.698276043,3.236514568,4.429802895,2.60995841,3.624384165
54,1643,1162,1,1,297.7333374,470.5833435,8.699999809,7.423001766,2345.733398,2518.583252,27.78333282,12.17543888,3.25,3.374269009,0.449999988,3.267056465,2.516666651,2.822612047,3.591666698,5.506822586,4.166666508,3.461988211,4.208333492,2.791423082
55,1740,1259,1,1,1087.043823,1384.412231,5.745614052,6.354961872,3135.043945,3432.412354,29.82456207,11.83396912,3.140350819,3.568702221,0.605263174,2.38549614,0.710526288,1.61450386,0.201754391,1.232824445,2.04385972,2.217557192,1.27192986,1.408396959
56,1771,1290,1,1,143.4406738,488.6016846,11.775424,9.913776398,2191.440674,2536.601807,51.19067764,19.44499588,3.830508471,4.256690025,0.377118647,2.603567839,1.783898354,2.297324181,0.110169493,0.949454904,3.135593176,2.531219006,2.305084705,2.029732466
57,1805,1324,1,1,717.3204956,562.1987305,10.60897446,8.58880806,2765.320557,2610.19873,21.58333397,9.579075813,1.269230723,2.321167946,0.538461566,2.644768953,0.923076928,1.759124041,1.839743614,8.895377159,2.858974457,3.675182581,1.987179518,2.300486565
58,1806,1325,1,1,1292.677368,99.59677124,91.50806427,75.80781555,3340.67749,2147.59668,21.16129112,13.28664494,2.814516068,6.045602798,1.491935492,2.635179043,0.75,1.53420198,0.096774191,0.667752445,2.524193525,2.579804659,5.080645084,3.960911989
59,1836,1355,1,1,424.777771,159.4555511,6.733333111,9.478561401,2472.777832,2207.455566,55.61111069,12.8658371,0.75555557,2.756569862,1.855555534,2.376210213,2.066666603,2.123098135,0.166666672,1.147994518,3.333333254,2.554633379,2.044444561,1.868602991
60,1852,1371,1,1,839.1564941,698.8173828,6.778260708,7.668539524,2887.156494,2746.817383,27.76086998,13.27528095,2.017391205,2.707865238,1.260869622,2.737359524,1.678260922,1.964887619,5.191304207,6.20505619,4.70434761,3.985955,3.047826052,2.945224762
61,1880,1399,1,1,755.086731,192.4624329,5.959537506,7.007100582,2803.08667,2240.462402,21.90751457,10.34674549,1.433526039,2.603550196,1.624277472,1.914792895,0.913294792,1.702958584,1.341040492,2.359763384,2.416184902,2.689940929,1.161849737,1.762130141
62,1886,1405,1,1,514.9886475,836.6306763,16.85795403,11.45520878,2562.988525,2884.630615,26.97727203,10.39583302,0.823863626,5.509375095,1.988636374,2.631249905,0.710227251,1.970833302,10.1875,19.77083397,5.863636494,7.612500191,2.335227251,5.726041794
63,1908,1427,1,1,87.61133575,961.0404663,6.42510128,7.245657444,2135.611328,3009.040527,20.08097076,12.85980129,7.020242691,8.983870506,0.327935219,1.184863567,0.765182197,1.602977633,0.068825908,0.703473926,2.016194344,2.630272865,1.566801667,1.790322542
64,1953,1472,1,1,406.9911499,775.4159546,34.19911575,18.53650093,2454.991211,2823.416016,33.34513092,14.1645422,0.663716793,2.126303673,0.491150439,1.767091513,0.747787595,1.49015069,0.21681416,1.125144839,1.668141603,1.479721904,1.814159274,1.602549195
65,1992,1511,1,1,2030.929321,1875.202026,64.04040527,19.10069847,4078.929199,3923.201904,22.53535271,7.030769348,2.292929411,5.184615612,4.404040337,2.876923084,0.767676771,1.488111854,1.141414165,5.060139656,2.202020168,3.124475479,1.979797959,2.641957998
66,2000,1519,1,1,863.2325439,531.3720703,7.162790775,8.230434418,2911.232666,2579.37207,22.33333397,11.45217419,0.232558146,1.634782553,0.837209284,1.889130473,0.527131796,1.493478298,0.503875971,1.795652151,2.031007767,2.641304255,1.441860437,1.671739101
67,2023,1542,1,1,273.7262268,860.8669434,18.09125519,11.57806683,2321.726318,2908.866943,28.50950623,12.76115227,1.623574138,3.102230549,0.593155921,1.830855012,1.136882186,1.611524105,0.433460087,1.784386635,2.342205286,2.486059427,0.452471495,0.68959105
68,2031,1550,1,1,83.23121643,883.7225342,6.843930721,6.35807848,2131.231201,2931.722656,28.41040421,10.09497833,1.06936419,2.24017477,0.323699415,2.168122292,0.959537566,1.561135411,0.208092481,0.931222677,1.982658982,1.789301276,1.167630076,1.33951962
69,2074,1593,1,1,1338.486694,214.7168121,101.6902618,57.26704407,3386.486816,2262.716797,19.9911499,10.60416698,1.637168169,4.371212006,1.203539848,1.795454502,0.610619485,1.761363626,0.061946902,1.958333373,2.407079697,2.238636255,2.327433586,2.25757575
70,2240,1759,1,1,1069.193604,1481.45166,7.451612949,8.196759224,3117.193604,3529.45166,23.37096786,11.33333302,1.137096763,2.280092478,0.072580643,1.944444418,0.419354826,0.956018507,0.185483873,0.627314806,2.758064508,2.284722328,1.951612949,1.650462985
71,2289,1808,1,1,932.9160767,1705.741211,16.05594444,9.251572609,2980.916016,3753.741211,20.72027969,8.416666985,6.503496647,2.40408802,2.146853209,1.624213815,2.853146791,1.256289363,0.055944055,0.113207549,3.657342672,2.187106848,1.972028017,1.21226418
72,2290,1809,1,1,2042.655762,1896.598389,82.1639328,27.11132813,4090.655762,3944.598389,26.51639366,9.76171875,0.516393423,3.703125,1.9426229,1.462890625,0.344262302,1.392578125,0.098360658,1.244140625,1.983606577,2.75390625,1.319672108,1.76953125
73,2361,1880,1,1,90.26249695,494.3562622,6.574999809,7.325327396,2138.262451,2542.356201,45.0625,15.72270775,1.274999976,3.260916948,1.068750024,2.493449688,1.731250048,2.304585218,0.368750006,3.989083052,3.168750048,2.703056812,2.650000095,2.52729249
74,2390,1909,1,1,519.7874146,573.1102295,45.18110275,13.83917809,2567.787354,2621.110352,35.66929245,11.75695324,0.913385808,2.911729097,1.582677126,2.931076288,0.645669281,2.155985594,0.094488189,1.585247874,2,2.680773973,0.811023593,1.688029051
75,2521,2040,1,1,981.696228,855.7046509,31.10548592,18.08050919,3029.696289,2903.70459,26.25738335,15.08757019,3.320675135,11.99152565,1.135021091,2.642655373,1.278481007,2.134180784,20.21940994,45.07485962,6.620253086,9.238700867,7.658227921,13.23022556
76,2527,2046,1,1,119.9354858,1548.599976,19.18709755,13.20111084,2167.935547,3596.600098,22,8.100000381,0.329032272,1.804444432,0.741935492,1.673333287,0.264516115,0.882222235,0.090322584,2.072222233,1.49032259,1.686666608,1.180645108,1.693333387
77,2528,2047,1,1,28.97073174,1537.190186,13.70731735,9.611901283,2076.970703,3585.190186,21.06829262,10.7089262,0.863414645,1.778783917,0.682926834,1.873221159,1.234146357,1.344113827,0.204878047,0.998706341,2.687804937,2.430789232,1.863414645,1.724450231
78,2570,2089,1,1,16.37820435,1407.038452,7.378205299,8.038918495,2064.378174,3455.038574,20.89743614,8.716756821,0.10897436,1.227027059,0.333333343,1.575135112,0.56410259,0.827027023,0.224358976,0.918918908,2.333333254,1.638918877,1.115384579,1.327567577
79,2616,2135,1,1,1143.395142,405.830658,31.23387146,13.36552525,3191.395264,2453.830566,34.19355011,10.66748142,1.774193525,2.699266434,0.983870983,1.908312917,0.943548381,1.764058709,0.266129047,1.634474277,2.411290407,2.606356859,1.620967746,1.657701731
80,2624,2143,1,1,20.75390625,568.2382813,20.05859375,18.33409309,2068.753906,2616.238281,69.4296875,25.56898499,2.93359375,3.11630559,0.62109375,2.267958879,1.33984375,1.793614626,0.15625,1.0843786,1.6015625,1.928164244,1.27734375,1.52451539
81,2627,2146,1,1,1962.533691,435.5889587,7.723926544,8.83079052,4010.533691,2483.588867,30.9325161,11.3509016,0.21472393,2.116504908,1.803681016,2.138696194,0.75460124,1.341192842,0.361963183,5.307905674,2.484662533,3.37031889,1.435582876,2.338418961
82,2647,2166,1,1,1190.637085,1728,9.081481934,8.556886673,3238.636963,3776,27.19259262,13.53892231,0.200000003,1.24850297,0.214814812,0.907185614,0.029629629,0.437125742,1.785185218,4.470059872,0.807407379,1.529940128,3.140740633,4.805389404
83,2663,2182,1,1,206.0245972,70.48360443,10.05737686,9.969249725,2254.024658,2118.483643,38.47541046,13.22140217,1.319672108,2.665436745,0.83606559,3.127921343,2.286885262,2.321033239,0.696721315,1.755227566,3.295081854,3.118081093,1.901639342,2.351783514
84,2837,2356,1,1,181.0978241,597.7391357,7.635869503,7.960416794,2229.0979,2645.739014,23.71739197,11.11145878,3.201086998,3.011458397,0.804347813,2.580208302,2.260869503,2.234375,0.347826093,2.639583349,2.451086998,2.529166698,1.951086998,1.856250048
85,2865,2384,1,1,558.3717041,162.0354004,16.41150475,12.03286362,2606.371582,2210.0354,82.88938141,23.14460182,0.871681392,2.644131422,1.672566414,2.128638506,1.358407021,1.997183084,0.17699115,1.404694796,2.522123814,2.581220627,1.362831831,1.836619735
86,2895,2414,1,1,820.9627075,1017.956543,28.652174,16.26325417,2868.962646,3065.956543,21.60248375,12.09689236,1.757763982,7.903107643,1.527950287,2.557586908,0.689440966,2.040219307,8.006211281,32.11700058,4.062111855,7.148080349,3.422360182,7.237659931
87,2932,2451,1,1,62.04901886,332.2647095,14.05882359,12.80451107,2110.049072,2380.264648,73.27941132,22.75617599,2.436274529,3.070891619,0.818627477,2.279269695,1.411764741,1.948442578,0.362745106,1.415682077,2.730392218,2.540279388,1.544117689,1.764769077
88,2945,2464,1,1,1846.139526,119.0348816,3.511627913,5.610644341,3894.139648,2167.034912,20.3720932,6.561624527,0.5,1.586834788,3.127907038,2.126050472,0.418604642,1.372549057,0.069767445,1.474789858,3.279069662,2.690476179,2.220930338,1.953781486
89,2971,2490,1,1,1109.939819,163.6927643,8.066265106,13.13597393,3157.939697,2211.692871,39.53012085,14.25588894,1.102409601,4.240899563,2.162650585,2.44860816,1.192771077,1.792291164,0.765060246,3.55781579,3.17469883,3.462526798,2.475903511,3.126338243
90,2976,2495,1,1,600.6072998,405.3403015,34.07329941,15.42553234,2648.607422,2453.340332,32.32984161,12.63493824,1.151832461,2.820828676,1.246073246,2.387458086,1.052356005,1.686450124,0.366492152,3.3449049,2.25654459,2.586786032,1.497382164,2.75363946
91,2977,2496,1,1,193.1666718,1116.097534,3.089430809,5.068034649,2241.166748,3164.097656,20.32113838,9.537796974,0.284552842,0.952483773,0.138211384,1.276457906,0.865853667,1.077753782,0.097560979,0.72138226,2.292682886,1.946004272,1.581300855,1.339092851
92,3009,2528,1,1,749.4892578,628.779541,6.258064747,7.127999783,2797.489258,2676.779541,24.86559105,10.84133339,0.456989259,1.721333385,0.494623661,2.294666767,0.887096763,1.85466671,0.731182814,2.075999975,3.134408712,3.565333366,1.973118305,1.996000051
93,3054,2573,1,1,1915.782593,156.8913116,7.108695507,6.953934669,3963.782715,2204.891357,27.77173996,9.059500694,0.913043499,2.98272562,3.956521749,2.230326414,0.75,1.284069061,0.630434811,12.14971256,2.445652246,5.523992538,1.402173877,4.399232388
94,3086,2605,1,1,762.3172607,497.4413757,6.110344887,7.914396763,2810.317139,2545.441406,29.58620644,14.32684803,0.448275864,2.09338522,0.427586198,2.007781982,0.744827569,1.966926098,0.427586198,2.486381292,3.586206913,3.352140188,1.806896567,1.933852196
95,3114,2633,1,1,1474.908325,350.3250122,78.54166412,19.8349762,3522.908447,2398.324951,35.02500153,9.584975243,0.283333331,2.533251286,0.716666639,1.67610836,1.683333278,2.354679823,0.474999994,5.459359646,7.516666889,6.041872025,2.266666651,2.921182156
96,3125,2644,1,1,1173.061279,1030.816284,68.38775635,42.80644989,3221.061279,3078.816406,20.31972694,11.99751854,2.693877459,4.526054382,0.346938789,1.178660035,0.591836751,1.630272985,0.653061211,1.990074396,1.979591846,2.33250618,3.122448921,4.310173512
97,3190,2709,1,1,2015.427368,227.8461609,48.06837463,15.68190861,4063.427246,2275.846191,21.71794891,7.334990025,0.277777791,1.14910531,2.029914618,1.493041754,0.209401712,0.727634192,0.051282052,1.306163073,1.179487228,1.667991996,0.60683763,1.164015889
98,3192,2711,1,1,24.6402874,1514.446045,7.482014179,7.497142792,2072.640381,3562.446045,23.82733727,8.812856674,0.446043164,0.971428573,0.482014388,1.274285674,0.395683467,0.75,0.589928031,2.708571434,2.712230206,2.160000086,1.201438904,1.321428537
99,3260,2779,1,1,964.6119995,101.5960007,6.159999847,7.582836628,3012.612061,2149.595947,41.66799927,17.92252731,3.45600009,11.02264595,1.203999996,2.696066856,1.139999986,2.002383709,7.291999817,9.081048965,3.624000072,4.001192093,3.476000071,4.980929852
100,3262,2781,1,1,404.9883728,1156.366333,7.877906799,9.925926208,2452.988281,3204.366211,23.25,10.62678051,1.5930233,3.890313387,0.895348847,2.683760643,0.418604642,1.662393212,8.069766998,10.14245033,1.947674394,3.139601231,0.482558131,0.683760703
101,3304,2823,1,1,619.4634399,483.7235718,4.552845478,7.110565186,2667.463379,2531.723633,33.91056824,12.31695366,0.341463417,2.723587275,2.105690956,2.916461945,0.357723564,2.115479231,0.04878049,1.60565114,1.430894256,2.536854982,0.658536613,1.810810804
102,3325,2844,1,1,1331.914551,183.1880341,49.73504257,87.140625,3379.914551,2231.187988,20.11965752,13.70089245,6.427350521,12.375,1.196581244,2.225446463,0.897435904,2.515625,0.170940176,1.497767806,1.452991486,2.912946463,1.769230723,4.654017925
103,3334,2853,1,1,1475.481934,741.2971191,55.40217209,26.81409073,3523.481934,2789.297119,56.36594391,22.82778931,1.253623247,6.71526432,1.228260875,2.77984333,1.210144877,2.89236784,1.271739125,20.5195694,3.456521749,8.526418686,2.076086998,7.023483276
104,3381,2900,1,1,1123.443604,624.4515991,9.266129494,7.444444656,3171.443604,2672.45166,28.37903214,9.251525879,1.298387051,2.173382282,1.201612949,2.489621401,1.629032254,1.987789989,0.766129017,2.615384579,3.088709593,2.60561657,2.35483861,1.875457883
105,3433,2952,1,1,915.5320435,1265.482788,3.433497429,6.244131565,2963.531982,3313.482666,25.7389164,10.31572723,1.088669896,2.629107952,0.704433501,1.571596265,0.497536957,1.151408434,0.078817733,2.392018795,2.192118168,2.268779278,0.970443368,1.85446012
106,3517,3036,1,1,204.347641,1308.248901,3.961373329,6.65873003,2252.347656,3356.249023,21.95278931,11.37981892,0.330472112,2.421768665,0.523605168,1.673469424,0.721030056,2.147392273,0.296137333,4.976190567,1.32618022,2.264172316,1.283261776,2.129251719
107,3553,3072,1,1,356.5185242,863.2592773,26.92129707,13.96131992,2404.518555,2911.259277,30.0879631,13.84072781,0.32407406,1.89988625,0.013888889,2.218430042,0.555555582,1.788395882,0.476851851,2.647326469,1.19907403,2.084186554,1.305555582,1.688282132
108,3566,3085,1,1,890.5690918,1185.333374,8.447154045,7.053407192,2938.569092,3233.333252,29.85365868,11.85082912,1.520325184,2.497237682,0.390243888,1.848987103,0.682926834,1.379373908,0.504065037,1.313075542,2.975609779,2.563535929,2.105690956,1.795580149
109,3896,296,0,1,1650.563354,689.87323,6.718309879,8.187358856,1650.563354,2737.873291,33.81690216,12.69977474,2.478873253,4.261850834,0.394366205,2.178329468,2.14084506,2.237020254,0.591549277,2.160270929,4.309859276,3.135440111,2.35211277,2.286681652
110,3933,333,0,1,1553.262329,348.3278809,8.696721077,12.40087509,1553.262329,2396.327881,62.30327988,17.51894951,1.393442631,3.102040768,1.065573812,2.988338232,1.639344215,2.075801849,0.204918027,1.275510192,2.901639462,2.734693766,1.868852496,2.013119459
111,3973,373,0,1,1147.79126,1124.945068,9.813186646,10.26870728,1147.79126,3172.945068,22.52747345,11.96088409,3.648351669,6.355442047,1.076923132,2.365646362,0.571428597,1.767006755,0.604395628,3.4370749,2.31868124,3.057823181,8.967033386,7.712584972
112,4034,434,0,1,1996.724609,656.166687,7.514492989,10.93984985,1996.724609,2704.166748,20.91304398,11.18984985,3.202898502,3.586466074,0.376811594,3.050751925,2.340579748,2.648496151,2.586956501,2.24060154,8.884057999,6.971804619,4.391304493,4.005639076
113,4041,441,0,1,1850.351563,867.3394165,14.86060619,11.97135735,1850.351563,2915.339355,24.86060524,11.33001232,1.169696927,6.054794312,0.212121218,1.696139455,0.987878799,2.031133175,1.624242425,8.933997154,2,2.844333649,4.20606041,6.049813271
114,4052,452,0,1,1881.293213,880.1278076,5.060150146,7.211966038,1881.293213,2928.12793,21.21052551,12.17435932,0.924812019,3.263247967,0.172932327,1.77606833,0.75939852,2.222222328,0.894736826,3.899145365,2.150375843,2.923076868,1.406015038,3.263247967
115,4121,521,0,1,694.0582275,897.0776978,145.1747589,93.27391052,694.0582275,2945.077637,21.6601944,15.06376839,2.805825233,6.208695889,2.495145559,2.502898455,1.4174757,1.907246351,1.048543692,8.87246418,2.737864017,3.884057999,5.475728035,5.40724659
116,4122,522,0,1,121.3628311,179.0265503,97.93804932,23.141222,121.3628311,2227.026611,31.50442505,8.511450768,0.159292042,1.903307915,1.876106143,1.759541988,0.274336278,1.012722611,0.10619469,3.589058638,2.690265417,2.274809122,1.672566414,1.877862573
117,4125,525,0,1,969.4666748,1069.56665,10.94999981,7.139020443,969.4666748,3117.56665,19.78333282,7.823064804,1.549999952,3.946287632,4.633333206,2.282780409,0.899999976,1.688783526,76.44999695,15.19431305,13.60000038,4.202211857,9.883333206,3.958925724
118,4179,579,0,1,1387.691162,640.1617432,4.514705658,7.106060505,1387.691162,2688.161865,20.16176414,7.954545498,1.897058845,4.388257504,1.661764741,1.810606003,0.338235289,2.001893997,2.014705896,9.471590996,1.794117689,3.215909004,1.676470637,3.846590996
119,4208,608,0,1,1064.658569,1167.804932,19.07317162,25.98922348,1064.658569,3215.804932,35.60975647,25.20905113,7.865853786,17.66379356,6.902439117,5.663793087,1.646341443,4.20043087,0.707317054,2.700431108,1.853658557,3.881465435,8.670731544,9.096982956
120,4291,691,0,1,697.0864258,858.2098999,154.0370331,139.2750397,697.0864258,2906.209961,20.19753075,16.15110397,0.333333343,1.565365076,0.92592591,2.251273394,0.432098776,2.823429585,0.456790119,1.826825142,0.962962985,1.638370156,2.358024597,2.276740313
121,4337,737,0,1,2016.28772,100.8082199,12.91780853,14.79614925,2016.28772,2148.808105,43.88356018,13.83012486,3.123287678,3.642129183,1.527397275,2.120045185,2.404109478,2.429218531,0.589041114,1.44167614,3.506849289,2.865232229,2.6095891,2.081540108
122,4349,749,0,1,1052.954956,1129.324951,11.39500046,10.04615402,1052.954956,3177.324951,27.10499954,18.64422989,5.980000019,7.48653841,1.36500001,1.728846192,1.325000048,1.955769181,2.295000076,6.415384769,2.480000019,3.430769205,10.20499992,8.676922798
123,4384,784,0,1,507.8103333,186.2068939,55.64655304,19.80919838,507.8103333,2234.206787,20.81896591,10.90119267,1,3.240204334,2.534482718,2.507666111,0.344827592,1.415672898,0.465517253,3.729131222,1.887930989,2.626916409,1.603448272,3.013628721
124,4443,843,0,1,1821.188965,852.8189087,4.748031616,6.670076847,1821.188965,2900.818848,26.07874107,9.918158531,2.330708742,2.535805702,0.338582665,1.845268488,1.196850419,1.72506392,0.566929162,1.265984654,1.047244072,1.111253142,1.803149581,1.231457829
125,4459,859,0,1,882.7802124,39.67802048,156.8421021,115.7057724,882.7802124,2087.677979,39.71517181,29.78339386,2.733746052,5.420577526,1.733746171,2.045126438,1.665634632,2.505415201,14.41486073,28.94945908,4.606811047,6.644404411,2.80804944,3.942238331
126,4551,951,0,1,1692.025024,1071.30835,6.099999905,6.651966572,1692.025024,3119.30835,23.83333397,9.806913376,2.049999952,5.691298962,0.850000024,1.580452919,1.141666651,1.276519656,1.783333302,8.995232582,3.016666651,3.122765303,2.450000048,5.964242935
127,4581,981,0,1,1414.664551,1314.019043,9.987341881,10.88207531,1414.664551,3362.019043,22.52531624,13.17452812,3.879746914,16.71069145,7.303797245,9.009433746,0.74683547,1.509433985,1.613924026,9.522012711,2.841772079,3.226415157,5.746835232,11.54559708
128,4582,982,0,1,1821.550049,457.5,7.059999943,7.838214874,1821.550049,2505.5,66.58999634,23.29149246,4.420000076,5.19944191,2.019999981,2.488145113,1.830000043,2.302649975,1.029999971,9.223152161,3.519999981,3.644351482,2.670000076,3.075313807
129,4620,1020,0,1,1980.909058,949.2857056,20.08441544,11.3359642,1980.909058,2997.285645,29.49350739,11.63472366,0.493506491,1.679819584,0.259740263,1.763246894,0.61038959,1.660653949,0.16883117,0.923337102,1.623376608,2.223224401,1.603896141,1.713641524
130,4652,1052,0,1,976.5629883,55.14814758,165.1629639,72.13994598,976.5629883,2103.148193,31.50370407,15.24045849,2.044444561,2.879134893,3.029629707,2.979643822,1.355555534,2.386768341,0.629629612,2.36386776,2.392592669,2.928753138,1.451851845,1.927480936
131,4735,1135,0,1,1914.642822,953.3571167,6.038461685,7.439882755,1914.642822,3001.357178,27.3571434,12.81964779,1.796703339,2.86510253,0.467032969,1.760997057,0.994505525,1.895894408,0.439560443,1.532258034,2.461538553,2.51026392,1.923076868,2.173020601
132,4745,1145,0,1,1697.054443,880.2108765,5.585033894,7.026595592,1697.054443,2928.210938,34.34013748,14.57047844,1.809523821,2.817819118,0.129251704,1.323138356,0.938775539,1.212765932,0.476190478,2.501329899,2.74829936,2.079787254,1.986394525,2.227393627
133,4781,1181,0,1,1802.423828,1056.556274,9.059602737,7.313636303,1802.423828,3104.556396,34.83443832,10.57386398,1.410596013,2.8034091,0.086092718,0.715909064,0.589403987,0.910227299,0.529801309,1.513636351,1.443708658,1.523863673,1.463576198,1.723863602
134,4821,1221,0,1,1421.280396,1222.009399,84.64485931,54.2610054,1421.280396,3270.009277,20.14018631,10.7908802,6.635513783,6.334905624,1.476635456,2.006289244,1.747663498,1.570754766,0.878504694,3.305031538,2.420560837,2.496855259,3.252336502,3.617924452
135,4833,1233,0,1,1898.455444,875.8439331,6.270700455,8.473801613,1898.455444,2923.843994,24.28980827,15.58639908,1.57006371,4.995540619,0.261146486,1.948717952,1.073248386,2.074693441,1.436305761,7.86956501,3.280254841,3.616499424,3.025477648,4.379041195
136,4863,1263,0,1,1093.768799,1109.120605,8.638191223,9.008333206,1093.768799,3157.120605,34.62311554,17.03611183,8.407034874,11.52777767,1.155778885,1.38611114,0.256281406,1.233333349,0.27638191,2.486111164,1.819095492,2.450000048,1.015075326,2.106944561
137,4881,1281,0,1,1930.055542,951.097229,4.694444656,6.988636494,1930.055542,2999.097168,23.11111069,9.97564888,1.104166627,2.438311577,0.909722209,1.407467484,0.444444448,1.589285731,2.243055582,3.488636255,1.527777791,2.237013102,1.694444418,2.547077894
138,4908,1308,0,1,1514.046631,1118.844604,101.2746124,71.65164185,1514.046631,3166.844482,21.64766884,12.94640636,5.91191721,24.16808701,2.813471556,5.171741962,1.523316026,3.175395966,0.46632123,4.772229195,3.575129509,4.305724621,4.559585571,8.779537201
139,4933,1333,0,1,1655.166626,1104.038452,6.282051086,9.787061691,1655.166626,3152.038574,39.06410217,15.72237206,7.557692528,8.638813972,0.326923072,1.297843695,0.596153855,1.15363884,3.205128193,9.040431023,2.24358964,2.896226406,3.442307711,4.796495914
140,4934,1334,0,1,1625.512451,942.5472412,4.855721474,8.095505714,1625.512451,2990.547363,26.90049744,11.866292,1.228855729,4.373033524,0.592039824,1.384269714,0.25870648,1.162921309,0.164179102,1.413483143,1.562189102,2.42696619,1.701492548,2.195505619
141,4975,1375,0,1,1335.99231,1278.923706,95.0687027,62.59033585,1335.99231,3326.923584,23.61068726,12.38655472,8.213740349,8.254201889,1.167938948,2.241596699,1.580152631,2.174369812,0.229007632,2.147058725,3.564885378,3.45168066,5.503816605,7.144958019
142,5007,1407,0,1,924.5040283,963.0159912,76.96800232,43.30245209,924.5040283,3011.016113,20.69599915,11.1498642,6.599999905,5.956403255,2.415999889,2.024523258,1.824000001,1.427792907,0.128000006,0.773841977,3.303999901,2.580381393,3.440000057,2.940054417
143,5021,1421,0,1,1838.496826,933.7106934,9.415094376,8.708102226,1838.496826,2981.710693,25.40251541,10.37513828,1.383647799,5.778024197,0.100628927,2.395116568,0.855345905,1.81243062,3.635220051,9.277469635,2.855345964,3.243063211,3.767295599,8.688124657
144,5034,1434,0,1,1381.121948,1192.341431,12.80975628,13.04137897,1381.121948,3240.341553,20.09756088,15.13103485,6.663414478,26.05747032,1.604878068,2.397701263,0.531707346,2.119540215,3.585365772,20.53103447,3.70243907,6.041379452,6.1658535,9.399999619
145,5084,1484,0,1,1702.109497,1187.42334,6.13868618,7.053268909,1702.109497,3235.42334,27.24817467,11.57384968,4.087591171,6.87893486,0.722627759,1.715496421,0.576642334,1.081113815,0.788321197,3.618643999,2.197080374,2.025423765,3.116788387,3.535109043
146,5120,4,1,0,85.83750153,1520.1875,15.23750019,16.20847511,2133.837402,1520.1875,31.3125,11.24237251,3.724999905,3.735593319,1.725000024,2.232203484,3.537499905,2.472881317,1.962499976,2.333898306,4.949999809,3.372881413,3.25,2.318644047
147,5124,8,1,0,591.5,681.4318237,133.1818237,149.6640625,2639.5,681.4318237,27.06818199,19.83984375,3.159090996,4.57421875,3.022727251,2.7421875,3,2.671875,0.181818187,0.6640625,3.863636255,3.12890625,4.5,5.3125
148,5190,74,1,0,567.9454346,1180.945435,19.77272797,17.3460083,2615.945557,1180.945435,20.82727242,10.25221825,0.727272749,2.591888428,2.827272654,3.186311722,2.545454502,2.64005065,1.190909147,5.79847908,3.518181801,4.092522144,2.718181849,3.380228043
149,5238,122,1,0,551.4515991,1569.387085,12.95161247,10.79459476,2599.45166,1569.387085,39.61290359,11.37297344,2.338709593,4.904504299,1.370967746,2.700900793,1.338709712,2.055855751,0.870967746,3.200000048,3.967741966,3.389189243,2.14516139,2.351351261
150,5241,125,1,0,1321.387695,2040.520386,19.53061295,16.70386314,3369.387695,2040.520386,41.26530457,16.36909866,1.295918345,2.388411999,1.367346883,2.158798218,1.775510192,2.30901289,0.653061211,3.757510662,3.948979616,3.46566534,2.040816307,3.139484882
151,5254,138,1,0,1118.277344,1527.20166,99.36134338,50.3843689,3166.277344,1527.20166,22.67226982,8.623604774,7.647058964,3.765550137,0.957983196,1.012759209,3.924369812,1.988835692,2.546218395,3.331738472,5.823529243,2.87081337,6.605041981,4.837320805
152,5260,144,1,0,661.9505005,922.6039429,16.95049477,15.71258259,2709.950439,922.6039429,29.1485157,12.44503307,1.415841579,3.169536352,3.445544481,3.486092806,2.69306922,2.87682128,16.5742569,11.63311291,6.861386299,5.009271622,5.881187916,4.357615948
153,5269,153,1,0,61.80769348,592.4615479,41.33333206,39.9003334,2109.807617,592.4615479,24.79487228,14.22757435,8.769230843,9.7591362,0.615384638,2.704319,2.5,2.980066538,0.948717952,3.053156137,4.666666508,3.988372087,5.346153736,5.34219265
154,5284,168,1,0,646.5403442,1103.52417,19.16129112,20.07888412,2694.540283,1103.52417,27.04838753,12.88592243,1.282258034,4.105582714,3.129032373,3.123786449,2.370967627,2.797330141,23.66129112,15.81067944,4.588709831,4.816747665,5.024193764,4.709951401
155,5329,213,1,0,213.1428528,1047.285767,31.94805145,29.14884377,2261.142822,1047.285767,23.10389519,11.35404587,2.311688423,5.576589584,1.44155848,2.693641663,1.818181872,3.034682035,1.402597427,3.631502867,4.233766079,4.03612709,2.402597427,2.774566412
156,5365,249,1,0,412.8988647,669.3707886,19.66292191,17.36868668,2460.898926,669.3707886,21.74157333,12.80555534,0.943820238,2.540404081,5.57303381,4.315656662,4.853932381,3.25757575,1.460674167,7.376262665,6.247190952,4.724747658,5.258427143,4.909090996
157,5368,252,1,0,585.0980225,1001.254883,191.1568604,133.5589752,2633.098145,1001.254883,29.11764717,20.44871712,1.705882311,6.553846359,1.69607842,2.365384579,2.882352829,2.467948675,0.911764681,2.061538458,5.205882549,3.310256481,3.156862736,3.015384674
158,5376,260,1,0,1184,1370.76001,17.02666664,9.00723362,3232,1370.76001,24.37333298,6.10488224,5.840000153,4.799276829,1.480000019,0.969258606,1,0.985533476,122.1600037,41.07233429,19.17333412,8.600361824,14.72000027,7.508137226
159,5380,264,1,0,717.9594727,1047.594604,119.8783798,152.559845,2765.959473,1047.594604,22.08108139,17.68339729,2.054054022,4.015443802,1.202702761,2.409266472,1.972972989,2.111968994,0.67567569,1.98455596,3.810810804,3.741312742,4.067567348,4.544401646
160,5397,281,1,0,356.3908081,1203.643677,19.02298927,16.34677505,2404.390869,1203.643677,21.96551704,13.66935444,6.402298927,9.809677124,5.701149464,3.416129112,4.356321812,2.872580528,1.793103456,5.783871174,5.931034565,4.330645084,5.965517044,5.079032421
161,5448,332,1,0,373.0087585,1285.517578,46.37719345,65.05706787,2421.008789,1285.517578,26.30701828,14.464674,3.605263233,9.975543022,1.008771896,2.301630497,1.640350819,2.163043499,0.561403513,1.317934752,3.482456207,3.307065248,2.65789485,4.861413002
162,5482,366,1,0,524.5454712,752.0706787,186.737381,109.6931992,2572.54541,752.0706787,31.24242401,17.19900513,6.242424011,4.145936966,2.373737335,3.409618616,3.434343338,2.510779381,1.353535295,1.877280235,5.25252533,3.524046421,4.131313324,3.063018322
163,5487,371,1,0,98.52325439,899.383728,19.069767,18.13410568,2146.523193,899.383728,22.3372097,12.75,0.802325606,3.233443737,2.720930338,3.495033026,1.662790656,2.445364237,2.011627913,4.572847843,4.04651165,4.129138947,2.872092962,3.956953526
164,5513,397,1,0,575.2511597,754.8625488,155.6540222,101.2929306,2623.251221,754.8625488,34.12322235,18.16017342,5.914691925,6.48340559,3.440758228,2.717171669,3.824644566,2.828282833,6.412322044,15.32323265,7.099525928,5.702741623,5.383886337,4.584415436
165,5519,403,1,0,784.6213379,1101.543701,22.39805794,19.23372841,2832.621338,1101.543701,26.37864113,13.24556255,8.271844864,12.18934917,2.145631075,3.173076868,2.786407709,3.139053345,64.95145416,41.86538315,16.07766914,9.828402519,7.970873833,8.705621719
166,5520,404,1,0,633.9702759,882.534668,20.4455452,18.25997162,2681.970215,882.534668,52.6831665,18.353508,1.544554472,2.691884518,4.079207897,3.609353542,2.108910799,2.29023385,1.06930697,4.588720798,4.732673168,3.844566822,2.772277117,3.363136292
167,5537,421,1,0,458.6059265,1424.438477,11.6896553,12.08678722,2506.605957,1424.438477,27.2857151,15.79792786,8.142857552,7.191709995,2.901477814,3.800518036,1.798029542,2.511657953,6.379310131,13.89378262,5.295566559,6.220207214,4.226601124,5.132124424
168,5575,459,1,0,396.3195801,783.329895,89.51546478,31.76380348,2444.31958,783.329895,21.60824776,10.50153351,0.381443292,2.145705462,2.268041134,3.234662533,1.40206182,2.257668734,1.185567021,4.156441689,3.649484634,3.24539876,2.752577305,2.920245409
169,5581,465,1,0,419.3529358,779.5384521,14.67420769,15.63165951,2467.353027,779.5384521,20.54298592,13.00761032,1.371040702,2.777777672,2.230769157,3.310502291,2.235294104,2.368340969,3.601809978,15.28462696,4.371040821,6.662100315,3.791855097,6.12785387
170,5603,487,1,0,845.6176758,1487.058838,14.3382349,19.3570137,2893.617676,1487.058838,23.6985302,10.88888931,4.838235378,6.604735851,0.963235319,1.979963541,1.558823586,2.078324318,6.176470757,15.32786846,3.352941275,4.570127487,8.007352829,8.936247826
171,5630,514,1,0,430.1967163,1987.106567,16.70491791,18.20049477,2478.196777,1987.106567,73.22950745,18.80321693,0.77868855,2.087871313,1.295081973,2.517326832,0.94262296,2.149752378,1.286885262,3.904702902,2.672131062,2.915841579,1.950819731,2.252475262
172,5632,516,1,0,627.2293701,1212.614624,16.30275154,18.24186707,2675.229248,1212.614624,23.09174347,12.84158421,1.504587173,4.243281364,3.972476959,3.316831589,2.431192636,2.875530481,4.605504513,12.82744026,4.587155819,5.28429985,3.568807364,3.719943523
173,5637,521,1,0,1009.927551,1394.413086,10.85507202,11.0859375,3057.92749,1394.413086,21.03623199,9.050223351,0.710144937,1.786830306,0.391304344,1.800223231,0.746376812,2.001116037,0.007246377,1.417410731,2.746376753,2.642857075,2.231884003,2.042410612
174,5640,524,1,0,370.9035034,1256.245605,120.0263138,143.2007294,2418.903564,1256.245605,21.88596535,17.84671593,5.947368622,5.649634838,2.359649181,2.627737284,0.482456148,2.197080374,0.324561417,0.908759117,1.938596487,3.27737236,6.061403275,7.288321018
175,5652,536,1,0,1113.906616,1647.15332,13.03333378,14.24936676,3161.906738,1647.15332,20.06666756,9.636709213,2.519999981,4.636708736,0.533333361,1.903797507,1.226666689,1.93417716,0.806666672,6.702531815,3.986666679,3.994936705,2.333333254,2.426582336
176,5662,546,1,0,819.8641968,1634.958862,8.283950806,8.644283295,2867.864258,1634.958862,23.59259224,9.995462418,1.452674866,2.391107082,0.958847761,2.799455643,2.078189373,2.088929176,1.884773612,5.720508099,4.378600597,4.033575535,3.086419821,3.431034565
177,5673,557,1,0,187.8818207,1603.800049,15.73636341,12.32095051,2235.881836,1603.800049,22.06363678,8.515602112,4.018181801,3.050519943,0.654545426,2.942050457,3.145454645,2.490341663,1.663636327,3.047548294,4.190908909,3.297176838,3.463636398,2.670133829
178,5682,566,1,0,1337.327393,1374.761108,179.1858368,140.5683746,3385.327393,1374.761108,26.30088425,9.082810402,2.460176945,1.78670013,0.982300878,1.210790515,1.592920303,1.252195716,0.21238938,0.250941038,3.946902752,2.451693773,7.991150379,5.653701305
179,5714,598,1,0,1146.98291,1792.885742,50.13714218,19.38014793,3194.98291,1792.885742,22.93714333,9.003168106,0.411428571,2.081309319,0.165714279,2.007391691,0.702857137,1.772967219,0.54285717,2.798310518,2.41142869,2.730728626,1.548571467,2.086589336
180,5724,608,1,0,579.6928711,1051.585693,18.15714264,18.1764698,2627.692871,1051.585693,27.65714264,14.68670082,0.928571403,3.04987216,3.521428585,3.340153456,2.592857122,2.890025616,0.871428549,4.929667473,5.057142735,4.666240215,3.535714388,3.263427019
181,5732,616,1,0,543.0155029,1151.961182,23.10077477,20.36474228,2591.015625,1151.961182,28.36434174,14.53951359,0.95348835,2.911854029,3.240310192,3.167173147,2.007751942,2.316109419,0.573643386,3.091185331,2.434108496,3.319149017,1.736434102,2.659574509
182,5738,622,1,0,73.10118866,1220.43457,20.3392849,19.79353523,2121.101074,1220.43457,32.65476227,14.2471323,0.535714269,2.949947834,0.726190448,2.046923876,1.321428537,2.540145874,0.482142866,4.656934261,3.351190567,3.506778002,1.958333373,2.366006374
183,5790,674,1,0,1184.900024,1808.309082,17.26363564,11.63914776,3232.899902,1808.309082,20.89999962,8.551264763,1.545454502,2.568575144,0.75454545,2.564580441,0.600000024,1.834886789,1.25454545,7.74300909,3.109090805,3.944074631,2.218181849,5.885486126
184,5795,679,1,0,1022.040405,1712.025269,8.681818008,11.77730656,3070.040283,1712.025269,49.96969604,16.29374313,2.782828331,4.069989204,0.459595948,2.025450706,1.030303001,1.773064733,1.858585835,9.386002541,2.535353422,4.034994602,1.939393997,3.204665899
185,5833,717,1,0,385.4397278,1724.127686,6.255319118,10.52952766,2433.439697,1724.127686,25.1134758,12.75,0.985815585,8.187007904,0.177304968,3.145669222,2.09219861,2.32874012,2.340425491,16.31102371,4.638298035,5.61811018,3.21985817,7.226377964
186,5857,741,1,0,593.7020264,1069.676758,19.63636398,17.15332603,2641.701904,1069.676758,42.1717186,16.68320274,0.813131332,2.5219841,3.328282833,2.83878231,2.727272749,2.70011282,0.444444448,2.458850145,3.949494839,3.499436378,2.388888836,2.414881706
187,5861,745,1,0,713.189209,1109.797241,8.925675392,11.14358139,2761.189209,1109.797241,21.7905407,11.95270252,0.972972989,2.631756783,1.547297239,1.790540576,0.533783793,1.645270228,1.763513565,9.011824608,2.668918848,4.182432652,2.560810804,2.880067587
188,5884,768,1,0,836.6838989,1496.99353,7.78064537,11.14171982,2884.683838,1496.99353,21.03870964,10.60031891,0.825806439,3.27388525,0.787096798,2.471337557,1.122580647,1.942675114,2.741935492,9.320063591,3.464516163,4.72611475,4.064516068,6.431528568
189,5885,769,1,0,532.7999878,1816.889648,10.85517216,11.07790661,2580.800049,1816.889648,39.88275909,13.26162815,2.234482765,2.959302425,1.041379333,2.719767332,1.944827557,2.33023262,1.365517259,9.63139534,4.006896496,3.99186039,2.724138021,2.795348883
190,5886,770,1,0,837.8469238,1718.586792,7.372448921,8.471747398,2885.846924,1718.586792,22.16326523,10.51116943,1.632653117,2.809461117,0.295918375,1.959264159,0.948979616,1.829172134,4.387754917,6.678055286,3.015306234,3.538764715,2.908163309,3.760840893
191,5892,776,1,0,240.7388611,1062.7771,24.36305809,20.10821915,2288.73877,1062.7771,22.79617882,13.05205441,8.031847,9.328766823,2.477706909,3.195890427,1.968152881,2.743835688,121.0955429,69.79315186,17.53503227,12.45205498,16.27388573,10.45753384
192,5908,792,1,0,471.1749878,1420.908325,9.350000381,10.7756567,2519.175049,1420.908325,26.40833282,15.01193333,6.841666698,7.403341293,1.666666627,2.694510698,1.741666675,2.186157465,69.25,54.92840195,10.14999962,10.45823383,13.22500038,12.07159901
193,5929,813,1,0,241.3312836,802.9938354,30.61963272,18.88646317,2289.331299,802.9938354,20.50920296,11.35807896,0.515337408,1.836244583,2.803680897,4.556768417,2.975460052,2.628820896,0.889570534,4.230349541,4.38650322,3.787117958,3.69325161,3.332969427
194,5940,824,1,0,985.3346558,1417.657227,9.810483932,9.476374626,3033.334717,1417.657227,19.79435539,9.307618141,2.060483932,2.593056917,0.391129047,3.291224718,2.35483861,2.080038548,2.512096882,3.978785038,4.193548203,3.271938324,3.786290407,3.068466663
195,5974,858,1,0,402.2684631,969.7181396,14.92617416,16.17245293,2450.268555,969.7181396,22.27516747,11.87793922,0.463087261,3.301231861,2.771811962,3.240761518,3.013422728,2.904815197,0.550335586,7.067189217,3.657718182,4.286674023,2.610738277,3.750279903
196,5981,865,1,0,754.9091187,847.1636353,19.97272682,17.05882263,2802.90918,847.1636353,19.84545517,11.05882359,0.654545426,2.655080318,2.609090805,2.92780757,0.945454538,1.86096251,0.5,3.71657753,3.590909004,3.363636255,3.627272844,3.676470518
197,5995,879,1,0,1073.872559,1540.308838,19.71078491,18.22317123,3121.872559,1540.308838,22.43137169,11.94024372,8.039216042,12.13536549,1.357843161,2.534146309,1.509803891,2.125609875,155.5490265,117.8390274,18.94607925,17.29268265,16.68137169,21.3341465
198,6002,886,1,0,1127.930054,1731.380005,8.949999809,11.03380775,3175.929932,1731.380005,34.74000168,12.27046299,2.200000048,2.996441364,0.479999989,1.966192126,0.370000005,1.670818448,0.629999995,10.87188625,2.980000019,3.912811279,1.679999948,4.797152996
199,6015,899,1,0,631.0899658,1257.650757,19.60846519,16.45997429,2679.089844,1257.650757,24.30687904,12.87801743,3.21164012,9.900889397,3.13756609,3.513341904,2.476190567,3.500635386,18.44973564,39.54637909,6.798941612,8.979669571,6.719576836,9.692502975
200,6033,917,1,0,605.5238037,1110.58728,15.13492107,17.70612907,2653.523926,1110.58728,26.04761887,13.12674141,1.253968239,4.583565235,2.793650866,3.260445595,0.809523821,2.278551579,0.349206358,3.685236692,2.928571463,3.594707489,2.476190567,2.725626707
201,6039,923,1,0,650.3388672,804.4628296,22.71074295,18.74931145,2698.338867,804.4628296,24.76859474,11.10468292,0.413223147,2.67906332,4.264462948,3.878787994,1.528925657,2.584022045,0.983471096,4.006886959,5.404958725,3.851239681,5.297520638,3.867768526
202,6046,930,1,0,1477.099976,1929.846191,6.392307758,8.47246933,3525.100098,1929.846191,25.59230804,11.92895222,1.353846192,3.960923672,0.846153855,1.387211323,0.261538476,1.184724689,2.938461542,5.106572151,2.115384579,2.982238054,2.369230747,3.699822426
203,6080,964,1,0,779.9926147,1566.718506,8.562962532,9.20165062,2827.992676,1566.718506,25.01481438,9.827830315,0.740740716,2.683962345,0.911111116,2.738207579,1.799999952,1.989386797,2.555555582,8.628538132,4.066666603,4.343160152,2.792592525,3.774764061
204,6096,980,1,0,546.8392944,920.9464111,9.934523582,13.38286304,2594.839355,920.9464111,19.9821434,9.486985207,1.553571463,2.778741837,3.184523821,4.15075922,2.726190567,2.361171484,0.625,6.421908855,3.446428537,4.030368805,3.023809433,2.804772139
205,6123,1007,1,0,373.0210571,1384.136841,9.273684502,12.56236744,2421.020996,1384.136841,21.11052704,11.89640617,2.184210539,5.684989452,0.889473677,3.218816042,1.457894683,2.421775818,2.384210587,7.721987247,3.578947306,4.255814075,3.047368526,3.608879566
206,6131,1015,1,0,623.7051392,990.0961304,140.9679413,92.01184845,2671.705078,990.0961304,21.9871788,13.3674078,2.217948675,5.294814587,2.50641036,2.34518528,1.179487228,1.592592597,0.391025633,2.808888912,2.108974457,2.583703756,2.737179518,4.155555725
207,6140,1024,1,0,520.1795044,989.0939941,26.12820435,16.98473358,2568.179443,989.0939941,21.64102554,9.759541512,3.897435904,3.722646236,4.273504257,3.138676882,3.52136755,3.134860039,1.940170884,3.778625965,6.153846264,3.909669161,3.581196547,2.935114622
208,6158,1042,1,0,825.7540283,1301.294067,11.6684494,12.90929222,2873.753906,1301.294067,25.70053482,11.81747818,3.42780757,4.737832069,1.010695219,2.632743359,2.540107012,2.5,0.609625697,5.710176945,5.401069641,4.815265656,3.636363745,5.97123909
209,6159,1043,1,0,598.6716309,880.7537231,21.35074615,18.99755287,2646.671631,880.7537231,21.91790962,11.81762505,1.313432813,3.452876329,5.395522594,4.269278049,2.529850721,2.741738081,0.686567187,4.03794384,4.791044712,4.209302425,3.559701443,3.533659697
210,6179,1063,1,0,624.9537354,1283.416138,12.59537601,16.17403793,2672.953857,1283.416138,25.37572289,13.07132626,2.64161849,9.171183586,2.080924749,2.855920076,1.28901732,2.855920076,13.36994267,37.14122772,5.867052078,8.912981033,7.566473961,11.5378027
211,6201,1085,1,0,1491.535156,1910.586914,12.22065735,10.34498787,3539.535156,1910.586914,25.36619759,12.07226086,0.690140843,1.649184108,0.85915494,1.482517481,1.051643133,1.480186462,0.455399066,1.046620011,1.774647832,2.431235313,0.694835663,1.410256386
212,6212,1096,1,0,1379.300049,1928.361572,93.79230499,59.50450516,3427.300049,1928.361572,19.76153755,9.29279232,2.646153927,7.97147131,0.176923081,1.960960984,0.830769241,1.687687635,0.223076925,3.172672749,2.084615469,2.545045137,2.284615278,4.732732773
213,6220,1104,1,0,559.8052368,760.2999878,179.3631592,127.6991119,2607.805176,760.2999878,28.047369,17.96991158,4.3157897,8.548672676,4.794736862,3.21061945,1.263157845,2.706194639,6.105263233,10.81946945,4.521052837,4.446017742,3.315789461,4.162831783
214,6224,1108,1,0,242.0479431,1294.876709,10.7191782,12.22222233,2290.047852,1294.876709,29.69862938,15.24747467,2.513698578,6.875421047,0.239726022,2.779461384,0.767123282,2.075757504,1.212328792,7.456228733,2.55479455,3.656565666,1.746575356,2.865319967
215,6229,1113,1,0,1215.031006,1463.863403,119.4037247,73.55506897,3263.031006,1463.863403,20.88819885,8.39207077,1.428571463,1.876652002,0.428571433,1.469162941,0.950310588,1.339207053,0.062111802,0.740088105,3.198757648,2.296255589,14.06832314,9.283040047
216,6240,1124,1,0,22.5357151,925.8428345,24.48571396,19.16036606,2070.535645,925.8428345,20.17142868,10.58877468,5.87142849,3.877434254,4.014285564,3.145475388,2.571428537,2.509736538,70.41428375,28.18900299,14.02857113,6.658648491,8.100000381,4.964490414
217,6251,1135,1,0,774.625,1084.125,15.08928585,15.00141621,2822.625,1084.125,21.0714283,10.92351246,1.517857194,3.196883917,1.866071463,3.16855526,1.866071463,2.263456106,18.25,21.92209625,6.482142925,6.215297222,7.955357075,6.318696976
218,6262,1146,1,0,248.5702515,1588.256226,12.13223171,12.55167961,2296.570313,1588.256226,50.5785141,13.73126602,0.859504104,2.441860437,0.165289253,2.439276457,1.239669442,1.781653762,0.644628108,2.600775242,2.65289259,2.660206795,2.404958725,2.135658979
219,6270,1154,1,0,969.0891113,1838.435669,101.9504929,105.0222626,3017.089111,1838.435669,19.90098953,16.53246689,5.980197906,12.55102062,0.831683159,3.048237562,2.188118696,2.987013102,0.544554472,8.484230042,4.108911037,4.931354523,4.841584206,8.743969917
220,6274,1158,1,0,946.3051147,1867.966064,89.3644104,100.0736465,2994.305176,1867.966064,20.09321976,25.83914757,6.593220234,9.383721352,1.127118587,4.058139324,2.118643999,3.666666746,1.245762706,4.8430233,4.49152565,5.556201458,4.618644238,5.974806309
221,6277,1161,1,0,1129.736816,1570.689453,15.11578941,11.88025475,3177.736816,1570.689453,32.60526276,12.45987225,2.921052694,2.751592398,0.921052635,1.904458642,1.568421006,1.685350299,0.452631593,1.949044585,3.815789461,3.262420416,2.700000048,2.27898097
222,6302,1186,1,0,467.796875,1507.197876,8.0625,13.1295042,2515.796875,1507.197876,34.19270706,16.33671188,1.5625,3.882882833,1.411458373,2.576576471,0.578125,1.952702761,0.703125,2.884009123,1.640625,2.929054022,1.885416627,2.385135174
223,6320,1204,1,0,998.0706787,1263.191895,14.10101032,12.5,3046.070801,1263.191895,21.60606003,13.65725803,0.772727251,1.223790288,0.393939406,1.479838729,0.883838356,1.147177458,0.181818187,0.78427422,3.095959663,2.60483861,2.191919088,2.048387051
224,6325,1209,1,0,1321.170166,1761.46814,15.17730522,10.5796175,3369.170166,1761.46814,22.80850983,8.289172173,7.070921898,8.796178818,0.198581561,1.878980875,0.929078043,1.684076428,134.4042511,72.42420197,17.48226929,11.87133789,13.46808529,14.09681511
225,6356,1240,1,0,585.2908936,689.8272705,203.0272675,174.914856,2633.291016,689.8272705,35.79090881,27.23539162,2.536363602,4.440734386,5.109090805,3.427378893,1.899999976,2.171953201,0.127272725,0.634390652,3.663636446,3.150250435,4.390909195,3.884808064
226,6364,1248,1,0,1007.453308,1357.579956,11.87333298,11.69401073,3055.453369,1357.579956,24.29999924,10.09375,4.626666546,2.751302004,0.25999999,1.319010377,0.806666672,1.578125,0.180000007,1.38671875,2.720000029,2.631510496,1.886666656,1.725260377
227,6365,1249,1,0,426.2962952,748.2000122,11.34814835,14.14957809,2474.296387,748.2000122,20.00740814,9.857660294,0.92592591,2.178528309,2.748148203,3.254523516,2.733333349,2.207479,3.459259272,9.335343361,4.266666889,4.055488586,4.259259224,3.921592236
228,6379,1263,1,0,332.2018433,802.5321045,21.2752285,19.69150352,2380.201904,802.5321045,21.32110023,10.64052296,0.678899109,3.581699371,4.394495487,3.871895313,1.55045867,2.816993475,3.201834917,6.946405411,4.431192875,4.256209373,3.57798171,3.691503286
