Event #,Cell_ID,label,Tile_row,Tile_col,centroid-0,centroid-1,mean_intensity_PD-1_nuc,mean_intensity_PD-1_cell,Global_y,Global_x,mean_intensity_PD-L1_nuc,mean_intensity_PD-L1_cell,mean_intensity_CD68_nuc,mean_intensity_CD68_cell,mean_intensity_CD3_nuc,mean_intensity_CD3_cell,mean_intensity_FoxP3_nuc,mean_intensity_FoxP3_cell,mean_intensity_Iba-1_nuc,mean_intensity_Iba-1_cell,mean_intensity_CD8_nuc,mean_intensity_CD8_cell,mean_intensity_CD4_nuc,mean_intensity_CD4_cell
1,81,82,0,0,1405.18396,1810.862061,18.90804672,15.11733341,1405.18396,1810.862061,7.356321812,4.869333267,25.4597702,32.65066528,2.816092014,3.130666733,2.402298927,2.512000084,8.080459595,11.95733356,6.26436758,5.362666607,26.28735542,21.73600006
2,174,175,0,0,1294.738892,2038.255615,14.64999962,13.68275833,1294.738892,2038.255615,5.138888836,5.220689774,12.10000038,8.542529106,0.800000012,1.967816114,0.827777803,1.890804648,0.516666651,4.556321621,2.261111021,2.87356329,2.416666746,3.048275948
3,219,220,0,0,1202.168701,1832.108398,28.90361404,25.96226501,1202.168701,1832.108398,5.216867447,5.792452812,26.65060234,35.84276581,7.156626701,7.169811249,1.879518032,3.61635232,7.843373299,15.05660343,4.518072128,6.320754528,15.03614426,19.79874229
4,508,27,1,1,1812.459961,742.5200195,10.46000004,11.12954521,3860.459961,2790.52002,5.039999962,2.929545403,10.69999981,6.370454311,0.239999995,1.7590909,1.24000001,1.136363626,0.800000012,1.756818175,3.700000048,2.281818151,4.539999962,3.981818199
5,611,130,1,1,1903.320557,1148.974365,6.358974457,6.722222328,3951.320557,3196.974365,5.205128193,3.5022223,11.80769253,27.04888916,1.358974338,1.686666608,0.897435904,1.768888831,4.43589735,20.37999916,4.346153736,5.471111298,17.14102554,30.88888931
6,617,136,1,1,702.0652466,184.8043518,27.23913002,43.80124283,2750.065186,2232.804443,11.28260899,7.596273422,15.86956501,18.71117973,3.521739244,3.580745459,2.391304255,3.164596319,2.173913002,7.316770077,2.543478251,4.068323135,6.782608509,7.655279636
7,631,150,1,1,364.4729614,499.0675659,21.74324417,11.36167145,2412.4729,2547.067627,14.48648643,12.96829987,13.72972965,9.008645058,2.121621609,4.540345669,2.540540457,2.489913464,8.689188957,4.492795467,5.175675869,4.051873207,6.283783913,4.373198986
8,704,223,1,1,1298.492554,31.94029808,97.41790771,61.9356842,3346.492432,2079.940186,13.56716442,9.224066734,10.86567211,6.997925282,1.149253726,2.719917059,3.940298557,2.896265507,0.597014904,1.329875469,4.776119232,3.713692904,8.313432693,5.4688797
9,802,321,1,1,389.4827576,472.2930908,38.77586365,17.95238113,2437.482666,2520.293213,11.03448296,8.517857552,15.91379356,18.5535717,1.534482718,4.204365253,1.724137902,1.93650794,2.344827652,4.75,3.775861979,3.380952358,5.948276043,6.142857075
10,821,340,1,1,1975.194336,1237.508545,11.77142811,12.05912209,4023.194336,3285.508545,9.925714493,5.619932652,9.548571587,7.30405426,0.794285715,1.329391837,1.925714254,1.717905402,0.468571424,1.449324369,3.011428595,2.398648739,4.474285603,5.484797478
11,847,366,1,1,1123.648682,1041.526978,19.97297287,13.6774807,3171.648682,3089.5271,6.5,7.152671814,14.74324322,10.22328281,1.175675631,1.776717544,2.148648739,1.538167953,2.02702713,12.58778667,4.310811043,4.219465733,5.405405521,7.194656372
12,958,477,1,1,2009.869507,1151.594238,4.710144997,6.003983974,4057.869629,3199.594238,1.550724626,2.163346529,32.98550797,39.89840698,3.884057999,4.219123363,1.376811624,1.749004006,2.333333254,12.34262943,5.608695507,4.725099564,38.24637604,41.59761047
13,969,488,1,1,1117.508179,1292.901611,28.26229477,14.69811344,3165.508301,3340.901611,7.639344215,5.689727306,13.85245895,14.76310253,0.426229507,2.272536755,2.688524485,1.786163568,5.2295084,5.693920135,4.967213154,3.38364768,9.672131538,7.182389736
14,996,515,1,1,1193.909058,1064.21814,26.60000038,19.49442291,3241.90918,3112.218262,5.890909195,6.178438663,12.63636398,16.51301193,1.5090909,3.055762053,0.672727287,1.951672912,2.145454645,5.795538902,2.581818104,3.315985203,6.527272701,7.65427494
15,1068,587,1,1,1300.678589,86.64286041,159.0625,108.8823547,3348.678467,2134.642822,17.9285717,12.8214283,15.10714245,11.50630283,0.642857134,2.808823586,1.651785731,3.539916039,0.214285716,0.962184846,3.428571463,3.523109198,15.33928585,8.014705658
16,1075,594,1,1,252.2461548,682.7077026,21.95384598,25.75724602,2300.246094,2730.707764,4.261538506,6.746376991,10.38461494,9.376811981,0.707692325,1.800724626,1,1.349637628,2.123076916,1.5960145,2.415384531,4.675724506,0.338461548,4.538043499
17,1077,596,1,1,794.4821167,1054.348267,8.848214149,8.119297981,2842.482178,3102.348145,9.241071701,7.29824543,11.3035717,18.95087814,0.910714269,3.628070116,1.741071463,2.491228104,6.642857075,13.73684216,4.053571224,4.922807217,2.25,2.677192926
18,1111,630,1,1,1177.118286,587.9892578,29.97849464,21.40757179,3225.118164,2635.989258,9.064516068,7.507795334,9.903225899,25.476614,3.215053797,4.363029003,1.086021543,2.674833059,4.268817425,27.30957603,3.623655796,7.115812778,3.870967627,9.336302757
19,1185,704,1,1,1183.38208,1015.101135,26.69662857,25.10199928,3231.38208,3063.101074,2.52809,3.262000084,11.08988762,10.17800045,0.370786518,1.065999985,0.191011235,1.014000058,5.57303381,4.736000061,1.471910119,2.726000071,6.887640476,8.61400032
20,1291,810,1,1,1105.171997,250.2101898,19.47770691,11.69512177,3153.171875,2298.210205,9.101910591,4.804878235,9.687897682,5.761517525,1.401273847,1.715447187,2.834394932,1.6747967,3.477706909,3.867208719,0.114649683,0.714092135,0.082802549,0.407859087
21,1304,823,1,1,1969.737549,1071.234009,21.82269478,19.30685997,4017.737549,3119.234131,6.489361763,4.25992775,18.53900719,14.84356213,4.070921898,2.640192509,0.893617034,1.684717178,0.730496466,1.280385137,3.340425491,3.336943388,7.546099186,7.859205723
22,1372,891,1,1,1175.379517,1207.627686,44.63503647,24.44664574,3223.379639,3255.627686,9.167882919,6.992378235,11.71532822,5.778963566,1.824817538,1.341463447,3.37956214,2.1875,1.08759129,3.346036673,4.197080135,2.902439117,8.13868618,6.024390221
23,1405,924,1,1,1299.956177,64.79824829,71.67543793,102.4642868,3347.956055,2112.79834,18.45614052,12.09920597,10.9912281,9.281745911,0.815789461,3.76058197,1.973684192,3.533068895,0.622807026,1.329365134,2.333333254,3.433862448,4.421052456,6.38756609
24,1674,1193,1,1,1180.875977,1235.355347,23.95041275,19.51983261,3228.875977,3283.355469,10.76859474,7.816283703,15.49586773,12.50939465,0.413223147,2.006263018,0.925619841,1.711899757,0.223140493,0.795407116,2.752066135,2.415448904,3.173553705,4.248434067
25,1783,1302,1,1,1016.689026,893.0061035,22.27439117,21.5650692,3064.688965,2941.006104,9.810976028,10.79280853,10.98170757,6.486301422,3.225609779,2.878424644,3.75,2.482876778,2.006097555,3.368150711,5.530488014,4.520547867,3.689024448,2.875
26,1948,1467,1,1,2038.830811,1347.67688,15.94615364,12.22733402,4086.830811,3395.677002,7.892307758,4.204329967,10.50769234,6.441136837,1.069230795,1.595399141,0.715384603,1.169147491,0.699999988,2.209742785,3.576923132,2.328822851,3.938461542,4.173206806
27,1959,1478,1,1,1313.071045,162.2349701,48.57376862,62.80696106,3361.071045,2210.234863,14.97267723,10.12183571,13.06557369,11.4604435,2.524590254,2.367088556,1.775956273,1.988924026,0.355191261,4.886075974,3.398907185,3.768987417,1.9617486,5.041139126
28,2159,1678,1,1,1977.449707,1009.221497,21.38926125,14.90091228,4025.449707,3057.221436,12.46979904,4.932203293,23.85906029,14.8318119,6.758389473,3.057366371,1.825503349,1.735332489,0.476510078,2.787483692,3.818791866,3.581486225,5.523489952,7.08735323
29,2235,1754,1,1,341.5741882,235.0193481,23.58064461,18.8836689,2389.574219,2283.019287,5.322580814,6.228188038,13.56774235,26.3132,2.825806379,4.946308613,1.083871007,2.400447369,6.129032135,8.393735886,2.238709688,3.118568182,14.65161324,12.67561531
30,2243,1762,1,1,1770.241943,727.4354858,7.080645084,6.71647501,3818.241943,2775.435547,5.983870983,4.605363846,21.59677505,16.42145538,7,3.48850584,1.435483813,2.291187763,7.516129017,11.71647549,4.911290169,4.955938816,20.02419281,20.45402336
31,2507,2026,1,1,1901.195435,1114.61499,6.551723957,6.529133797,3949.195313,3162.61499,5.913793087,3.625196934,11.90804577,27.642519,1.620689631,2.242519617,0.551724136,1.428346515,8.477011681,22.54015732,4.045977116,5.15433073,20.46551704,30.75275612
32,2510,2029,1,1,2005.130859,1323.350464,22.56542015,21.2923851,4053.130859,3371.350586,9.453270912,6.016243458,10.67289734,9.977664948,2.373831749,2.02030468,0.794392526,1.299492359,0.130841121,1.432487369,2.364485979,2.562436581,9.794392586,8.411167145
33,2577,2096,1,1,1193.085083,1034.432617,30.7446804,18.74376488,3241.085205,3082.432617,11.48226929,5.600906849,9.418439865,8.424036026,1.177304983,1.238095284,1.475177288,1.380952358,1.602836847,3.117913723,4.297872543,3.242630482,6.468085289,6.485260963
34,2684,2203,1,1,1865.165527,869.4028931,5.467626095,5.408560276,3913.165527,2917.402832,2.021582842,3.194552422,21.90647507,15.96498013,2.992805719,2.079766512,1.920863271,1.721789837,4.1798563,5.321011543,5.007194042,3.920233488,36.25179672,25.88910484
35,2727,2246,1,1,1990.258667,1104.870728,19.37068939,18.01351357,4038.258545,3152.870605,8.853447914,5.009008884,24.89655113,16.0105114,2.931034565,2.956456423,1.75,2.279279232,0.431034476,3.372372389,3.103448391,3.767267227,7.568965435,10.11261272
36,2862,2381,1,1,712.72052,200.6770172,28.45341682,20.25071716,2760.720459,2248.677002,11.23602486,6.283667564,10.26086998,8.30659008,4.068323135,2.856733561,1.093167663,2.093123198,0.378881991,1.813753605,1.968944073,2.087392569,6.906832218,6.773639202
37,2941,2460,1,1,532.557251,449.0076294,1.95419848,3.169471264,2580.557373,2497.007568,2.122137308,2.408653736,14.80916023,17.68629837,1.473282456,2.288461447,0.358778626,1.350961566,9.374045372,9.400239944,1.740458012,2.225961447,4.473282337,5.181490421
38,3498,3017,1,1,1345.578003,189.7679291,79.92826843,85.18933105,3393.578125,2237.767822,18.14767838,12.44406223,11.54852295,9.595524788,2.194092751,2.68502593,1.683544278,2.363167048,0.468354434,1.683304667,3.122362852,3.370051622,3.32911396,3.726333857
39,3572,3091,1,1,1514.075684,997.9075928,2.680672169,7.438231468,3562.075684,3045.907471,2,3.378413439,12.4453783,21.99349785,0.79831934,2.845253468,0.159663871,2.16514945,1.59663868,7.746423721,2.067226887,4.81794548,17.65546227,20.54746437
40,3595,3114,1,1,1186.46875,1567.648438,27.859375,13.22265625,3234.46875,3615.648438,7.234375,4.826171875,10.046875,8.08984375,1.375,4.177734375,0.203125,0.681640625,2.0078125,2.556640625,1.8515625,1.78515625,1.796875,4.232421875
41,3604,4,0,1,1148.315063,842.0548096,19.76712418,10.93213558,1148.315063,2890.054688,13.13698673,7.203592777,18.5616436,13.17764473,4.589041233,4.195608616,2.83561635,2.816367149,2.273972511,2.772454977,4.095890522,3.846307278,5.753424644,5.646706581
42,3611,11,0,1,1263.704224,992.25354,15.87323952,12.14626884,1263.704224,3040.253418,11.92957783,7.185074806,13.63380241,12.05074596,2.338028193,4.916418076,1.704225302,2.668656826,0.802816927,3.546268702,2.591549397,3.546268702,3.971831083,6.101492405
43,3615,15,0,1,431.9807739,471.365387,13.11538506,9.067901611,431.9807739,2519.365479,13.76923084,7.771605015,29.86538506,15.63888931,0.461538464,1.145061731,1.173076868,0.75771606,1.788461566,1.19907403,2.653846264,1.330246925,0.096153848,1.208333373
44,3625,25,0,1,1558.537354,1100.119385,51.38806152,22.74404716,1558.537354,3148.119385,6.731343269,4.526785851,12.1791048,9.5,1.820895553,2.705357075,0.985074639,1.130952358,0.731343269,7.232142925,3.059701443,3.717261791,2.880597115,5.770833492
45,3630,30,0,1,1674.116943,1313.363647,7.506493568,5.687589169,1674.116943,3361.363525,3.194805145,3.470756054,10.12987041,12.56062794,0.909090936,1.786019921,2.207792282,0.952924371,1.428571463,2.455064297,5.090909004,3.562054157,5.844155788,4.601997375
46,3640,40,0,1,1365.590942,1100.893921,27.57575798,26.94900894,1365.590942,3148.894043,7.636363506,6.983002663,14.36363602,19.38243675,3.893939495,4.821529865,2.818181753,3.830028296,9.42424202,14.66572285,6.621212006,6.968838692,6.757575989,8.467422485
47,3642,42,0,1,1146.307739,1331.230713,22.76922989,17.75471687,1146.307739,3379.230713,6.653846264,12.30188656,10.03846169,12.43396187,1.730769277,2.584905624,1.576923132,1.688679218,1.5,5.198113441,4.038461685,3.594339609,13.38461494,11.77358532
48,3647,47,0,1,824.4693604,1027.918335,37.06122589,18.89655113,824.4693604,3075.918457,9.489795685,4.220689774,12.5714283,5.141379356,2.102040768,2.724138021,2.204081535,1.627586246,1.306122422,1.217241406,4.142857075,2.3482759,5.551020622,3.441379309
49,3649,49,0,1,1456.242798,879.8428345,15.58571434,14.03759384,1456.242798,2927.842773,4.485714436,6.150375843,14.85714245,14.4060154,3,2.488721848,2.5,2.91729331,8.91428566,9.428571701,5.82857132,4.714285851,3.757142782,3.785714388
50,3654,54,0,1,1525.717407,961.543457,14.652174,7.142105103,1525.717407,3009.543457,4.065217495,3.878947258,11.13043499,8.205263138,2.5,3.099999905,3.847826004,2.378947258,5.586956501,3.00526309,5.847826004,3.599999905,3.782608747,3.965789557
51,3667,67,0,1,926.1799927,1225.280029,34.08000183,44.38596344,926.1799927,3273.280029,19.62000084,19.2456131,16.18000031,12.58897209,4.440000057,3.804511309,1.399999976,2.466165304,5.21999979,5.463659286,4.079999924,3.764410973,6.920000076,4.91228056
52,3668,68,0,1,1315.186401,1011.491516,32.0677948,43.38047028,1315.186401,3059.491455,16.84745789,23.17003441,27.67796516,20.10100937,4.728813648,5.473063946,3,4.439393997,8.288135529,5.269360065,5.762712002,5.282828331,3.728813648,4.095959663
53,3672,72,0,1,1192.157837,865.6578979,20.38157845,18.35269737,1192.157837,2913.657959,10.67105293,7.68879652,14.15789509,12.48132801,4.592105389,3.439834118,3.078947306,2.402489662,3.052631617,5.066390038,3.90789485,3.751037359,3.973684311,3.062240601
54,3677,77,0,1,1578.895874,1264.645874,29.5625,25.18090439,1578.895874,3312.645752,10.29166698,8.32160759,16.8125,11.91959763,1.895833373,1.768844247,1.625,1.361809015,3.083333254,4.356783867,3.4375,2.874371767,3.4375,3.678391933
55,3685,85,0,1,1412.169067,1073.887329,37.18309784,35.23963165,1412.169067,3121.887207,10.38028145,8.778801918,12.21126747,11.9539175,5.563380241,5.276497841,3.014084578,3.262672901,1.92957747,2.400921583,4.873239517,4.281105995,7.873239517,7.741935253
56,3686,86,0,1,1263.383789,1302.777832,69.08081055,47.73749924,1263.383789,3350.777832,12.98989868,7.789999962,19.40404129,14.29749966,4.131313324,3.857500076,3.161616087,2.545000076,2.282828331,3.617500067,4.131313324,3.737499952,8.232323647,10.94999981
57,3694,94,0,1,1219.076904,1398.326904,16.28846169,18.1181221,1219.076904,3446.326904,4.019230843,4.252427101,40.21154022,16.174757,5.25,2.304207087,1,1.351132631,0.653846145,5.087378502,2.615384579,2.618123055,12.65384579,9.304206848
58,3699,99,0,1,1219.371094,1285.79895,42.20618439,30.86805534,1219.371094,3333.799072,16.59278297,10.47916698,16.80927849,17.33194351,2.608247519,2.894444466,10.54123688,7.690277576,0.943298995,1.649999976,3.79896903,3.686111212,8.015463829,9.680555344
59,3711,111,0,1,1594.719971,935.4400024,10.06000042,9.050387383,1594.719971,2983.439941,4.980000019,5.899224758,25.36000061,13.79457378,0.579999983,1.085271358,0.860000014,1.527131796,4.820000172,3.434108496,2.140000105,2.76744175,12.11999989,6.244185925
60,3716,116,0,1,1547.355103,1401.392578,13.71962643,16.1342392,1547.355103,3449.392578,5.009346008,6.371040821,24.67289734,21.76470566,2.96261692,3.723981857,2.514018774,2.104072332,5.149532795,10.74057293,4.158878326,4.358974457,11.48598099,12.03318214
61,3721,121,0,1,1565.140869,1353.563354,17.97183037,11.57815838,1565.140869,3401.563477,9.014084816,8.438972473,13.97183132,8.081370354,2.774647951,2.693790197,2.197183132,1.657387614,3.704225302,6.207708836,4.563380241,3.537473202,5.70422554,4.224839211
62,3723,123,0,1,1432.269287,414.5576782,8.92307663,6.720853806,1432.269287,2462.557617,4.115384579,3.678160906,13.71153831,7.057471275,3.365384579,2.057471275,1.403846145,1.538587809,7.057692528,13.43021393,3.365384579,3.949096918,12.03846169,9.251231194
63,3725,125,0,1,1381.553833,1268.307739,70.04615021,41.01765823,1381.553833,3316.307617,7.13846159,5.920529842,12.72307682,10.4790287,1.076923132,1.726269364,0.953846157,1.441501141,1.461538434,3.516556263,1.892307639,2.73068428,6.076922894,7.958057404
64,3731,131,0,1,1513.298462,1440.671631,149.5373077,103.8954239,1513.298462,3488.671631,9.402984619,6.183006763,12.31343269,6.245098114,0.671641767,1.081699371,2.641791105,1.545751691,1.731343269,1.483660102,4.746268749,2.307189465,3.567164183,2.650326729
65,3733,133,0,1,1096.487549,1057.387451,31.02499962,26.37711906,1096.487549,3105.387451,16.38750076,12.47033882,12.5625,12.92796612,2.012500048,1.771186471,1.037500024,1.771186471,0.9375,1.63983047,3.087500095,2.957627058,2.1875,3.067796707
66,3738,138,0,1,1580.936646,1151.591553,15.37323952,15.35826302,1580.936646,3199.591553,10.38028145,8.575391769,13.8591547,16.11942101,0.957746506,2.507840872,1.542253494,2.106152058,3.239436626,4.279855251,3.64788723,3.21954155,3.457746506,3.944511414
67,3741,141,0,1,1246.631592,1307.526367,25.36842155,30.86341476,1246.631592,3355.526367,10.8815794,7.482926846,13.40789509,14.51219559,2.263157845,3.253658533,4.118421078,3.751219511,1.5,1.887804866,3.223684311,2.980487823,3.828947306,7.619512081
68,3748,148,0,1,892.1525269,560.2033691,75.42372894,65.98792267,892.1525269,2608.203369,9.457627296,9.731884003,18.20339012,7.746376991,2.372881413,3.384057999,2.559322119,2.657004833,9.694914818,7.710144997,5.033898354,3.91062808,7.813559532,5.057971001
69,3755,155,0,1,50.0177002,942.0265503,22.04424858,7.851088047,50.0177002,2990.026611,9.548672676,4.229094982,9.389380455,3.180985212,5.699115276,2.21191287,7.008849621,2.532645941,1.247787595,1.013745666,8.433628082,2.873997688,0.654867232,1.643757105
70,3760,160,0,1,1187.278687,115.4672165,37.51639175,22.15559769,1187.278687,2163.467285,8.614753723,6.005692482,11.26229477,5.248576641,5.934426308,3.385199308,4.139344215,2.53320694,1.491803288,1.760910869,4.418032646,3.036053181,6.262295246,4.326375484
71,3773,173,0,1,1524.365601,983.0107422,12.76344109,9.507751465,1524.365601,3031.010742,4.956989288,4.259689808,16.4623661,13.48255825,2.913978577,4.11046505,2.623655796,3.040697575,6.301075459,6.071705341,4.258064747,3.945736408,4.838709831,5.26744175
72,3784,184,0,1,1100.516113,1173.45166,15.2096777,30.94413376,1100.516113,3221.45166,12.98387051,16.46648026,12.2096777,11.35754204,5.129032135,3.89664793,0.629032254,3.047486067,0.806451619,3.078212261,1.516129017,4.136871338,10.17741966,8.223464012
73,3798,198,0,1,1330.645508,1298.518188,22.76363564,22.78481102,1330.645508,3346.518066,11.69999981,7.827847958,12.9272728,12.58227825,0.727272749,2.035443068,1.481818199,2.083544254,1.381818175,3.372151852,4.136363506,3.805063248,6.772727489,6.95443058
74,3799,199,0,1,92.09091187,547.5606079,10.16666698,6.313575745,92.09091187,2595.560547,2.515151501,1.957934976,12.469697,14.43594646,1.484848499,1.25812614,1.939393997,0.994263887,1.606060624,0.671128094,2.954545498,1.172084093,2.333333254,1.250478029
75,3804,204,0,1,1580.122437,1081.53064,11.04081631,14.14027119,1580.122437,3129.530518,1.53061223,3.877828121,15.12244892,20.72850609,2.612244844,2.683257818,0.020408163,1.71945703,2.163265228,10.4524889,0.918367326,4.022624493,7.836734772,10.82805443
76,3813,213,0,1,1107.064575,1311.161255,47.98387146,39.82417679,1107.064575,3359.161377,6.709677219,6.692307472,11.06451607,15.56776524,2.983870983,2.10622716,0.661290348,1.802197814,0.967741907,1.835164785,2.161290407,2.626373529,12.56451607,13.6556778
77,3828,228,0,1,940.4954224,443.724762,86.3944931,38.3928566,940.4954224,2491.724854,11.77064228,7.47678566,10.22935772,15.32321453,4.990825653,3.958928585,1.67889905,2.632142782,8.706421852,10.53214264,5.311926842,4.474999905,10.15596294,10.14285755
78,3854,254,0,1,1454.991089,952.6339111,15.6964283,18.77777863,1454.991089,3000.634033,8.776785851,8.980884552,13.64285755,11.56391907,3.0625,2.805256844,3.035714388,3.064516068,7.196428776,4.603345394,3.651785612,3.594982147,2.535714388,3.97968936
79,3858,258,0,1,1039.088501,1128.141602,13.35398197,11.65083122,1039.088501,3176.141602,8.725664139,7.040380001,9.964601517,10.6223278,6.566371918,7.171021461,1.725663662,2.218527317,3.778761148,5.33966732,3.761061907,3.479809999,6.327433586,9.10926342
80,3876,276,0,1,1624.341797,1141.050659,8.544303894,10.69556046,1624.341797,3189.050537,13.84810162,5.128963947,37.62025452,23.77166939,0.405063301,3.325581312,1.227848053,1.670190334,3.949367046,4.452431202,2.772151947,2.460887909,12.40506363,9.545454979
81,3889,289,0,1,971.8556519,917.6391602,73.72164917,54.1804657,971.8556519,2965.63916,18.38144302,9.212314606,9.917526245,7.946921349,3.154639244,2.569002151,4.10309267,5.165605068,3.123711348,3.503184795,3.969072104,3.303609371,9.22680378,7.664543629
82,3901,301,0,1,1593.973022,965.5675659,13.1351347,8.489096642,1593.973022,3013.567627,6.324324131,4.112149715,11,9.289719582,2.531531572,3.052959442,1.783783793,1.785046697,3.918918848,3.766355038,3.405405521,3.046729088,2.279279232,2.021806955
83,3905,305,0,1,1074.713135,1193.516357,21.21311569,23.47175217,1074.713135,3241.516357,6.926229477,14.33898258,12.7704916,14.68644047,4.631147385,5.612994194,1.959016442,3.556497097,0.909836054,3.316384077,4.204917908,4.855932236,13.69672108,10.85593224
84,3942,342,0,1,1621.928589,1322.671387,46.08571243,35.51167679,1621.928589,3370.671387,13.32857132,13.30785561,12.37142849,11.78343964,2.12857151,2.628450155,0.842857122,1.354564786,2.642857075,6.165605068,2.471428633,2.957537174,2.200000048,2.462845087
85,3944,344,0,1,353.2542419,494.6779785,5.635593414,6.783475876,353.2542419,2542.677979,2.271186352,3.888888836,13.77966118,5.887464523,6.203389645,6.41595459,2.923728704,2.36182332,9.788135529,10.57834721,3.822033882,3.203703642,5.110169411,2.636752129
86,3945,345,0,1,996.4464111,566.5267944,28.9107151,12.40583515,996.4464111,2614.526855,11.8660717,7.340848923,13.41071415,11.98275852,2.625,3.429708242,2.5,2.561007977,0.794642866,3.466843605,2.598214388,3.074270487,1.910714269,2.519893885
87,3948,348,0,1,1227.590332,1193.373535,32.80722809,26.08808327,1227.590332,3241.373535,17.02409554,13.16321278,14.67469883,13.90155411,5.759036064,6.082901478,3.168674707,3.461139917,0.963855445,3.03367877,4.385542393,4.689119339,9.843373299,10.52072525
88,3956,356,0,1,1352.5979,1284.484497,24.46391678,32.3479538,1352.5979,3332.484619,8.164948463,6.909356594,11.6288662,12.03508759,1.391752601,2.289473772,1.474226832,1.91812861,0.814432979,1.573099375,3.041237116,3.096491337,6.175257683,8.336256981
89,3965,365,0,1,1425.189209,1072.135132,116.0270233,63.17599869,1425.189209,3120.135254,17.71621704,10.94400024,9.864865303,8.968000412,3.418918848,3.351999998,3.729729652,3.476000071,3.391891956,2.875999928,4.986486435,4.199999809,11.55405426,9.588000298
90,3967,367,0,1,1143.323486,864.3088379,14.73529434,17.56557465,1143.323486,2912.308838,6.764705658,7.817623138,37,20.18237686,2.720588207,4.028688431,1.970588207,2.819672108,5.676470757,5.713114738,4.794117451,4.452868938,13.0882349,10.54508209
91,3971,371,0,1,1547.400024,1381.900024,18.04444504,13.67328548,1547.400024,3429.899902,11.41111088,10.05054188,29.93333244,19.31407928,1.533333302,3.256317616,1.266666651,2.146209478,4.555555344,9.516245842,4.766666889,4.306859016,9.355555534,8.09927845
92,3975,375,0,1,1604.96875,1103.53125,24.9375,14.83566475,1604.96875,3151.53125,7.03125,4.743007183,19.078125,6.64685297,0.953125,1.756993055,0.5625,1.159090877,6.140625,2.924825191,4.515625,3.157342672,11.734375,5.835664272
93,3980,380,0,1,1279,1005.5,54.046875,34.47863388,1279,3053.5,13.671875,9.632478714,10.90625,18.39316177,0.65625,3.205128193,2.625,4.008546829,1.34375,4.905982971,4.5,4.273504257,9.59375,8.0854702
94,3981,381,0,1,1657.242065,1131.757935,19.9052639,14.9296484,1657.242065,3179.757813,6.778947353,5.88190937,10.03157902,30.55527687,1.894736886,2.761306524,2.421052694,1.934673309,4.578947544,3.81155777,3.873684168,2.746231079,8.831579208,11.77638149
95,3982,382,0,1,1752.993774,1093.136597,9.490683556,6.70147562,1752.993774,3141.136719,8.440994263,5.602724075,17.74534225,8.36322403,1.577639699,2.367763996,2.571428537,1.607264519,3.54037261,8.525539398,4.962732792,3.64926219,14.63975143,9.698070526
96,3987,387,0,1,1270.155518,942.0888672,22.82222176,23.35542107,1270.155518,2990.088867,15.97777748,15.36746979,15.35555553,11.38755035,5.644444466,5.259036064,3.122222185,3.357429743,6.033333302,4.297188759,6.466666698,4.815260887,4.833333492,3.757028103
97,4003,403,0,1,1571.673096,1460.519287,8.384614944,8.870454788,1571.673096,3508.519287,3.557692289,5.145454407,9.634614944,9.527273178,0.980769217,2.104545355,1.019230723,1.2590909,4.038461685,5.272727489,2.115384579,2.186363697,5.096153736,5.704545498
98,4024,424,0,1,1255.199951,870.7000122,12.27499962,6.673434734,1255.199951,2918.699951,5.375,3.764805317,13.10000038,8.566835403,1.912500024,3.328257084,1.9375,2.084602356,8.5625,6.353637695,6.474999905,3.653130293,3.325000048,2.964467049
99,4039,439,0,1,848.6216431,935.9865112,38.18918991,19.65493011,848.6216431,2983.986572,6.770270348,4.354929447,9.567567825,13.48591518,2.783783674,3.14084506,1.108108163,1.897183061,1.432432413,3.135211229,3.297297239,2.450704336,6.229729652,5.215492725
100,4066,466,0,1,1410.236084,1054.638916,50.84722137,35.88423538,1410.236084,3102.638916,11.58333302,13.06650257,10.40277767,13.58620644,2.208333254,4.596059322,2.583333254,3.975369453,0.722222209,2.009852171,3.375,4.305418491,4.291666508,5.187191963
101,4069,469,0,1,1203.2323,1344.161621,62.68687057,49.35981369,1203.2323,3392.161621,13.56565666,9.051402092,13.41414165,13.26635551,3.212121248,3.696261644,1.282828331,1.99065423,4.666666508,4.939252377,3.939393997,3.682243109,8.989898682,9.742990494
102,4076,476,0,1,1231.823486,1206.487427,39.44537735,30.39024353,1231.823486,3254.487305,14.84873962,10.91707325,12.77310944,12.03170776,4.974790096,5.15365839,3.30252099,3.478048801,0.50420171,2.251219511,3.235294104,4.136585236,11.53781509,10.77804852
103,4080,480,0,1,1579.212769,913.8616943,12.46808529,14.15771198,1579.212769,2961.861816,6.127659798,4.951473236,26.12765884,22.4956665,1.734042525,3.358752251,1.925531864,2.790294647,8.329787254,6.701906204,6.478723526,4.159445286,2.734042645,2.939341307
104,4081,481,0,1,1599.834717,949.3140259,13.34710789,12.00566578,1599.834717,2997.313965,5.082644463,4,16.61157036,15.77053833,0.809917331,1.303116202,0.892561972,1.424929142,1.479338884,4.1274786,2.512396812,2.657223701,2.107438087,5.141643047
105,4084,484,0,1,1115.05127,1298.953857,24.23077011,23.75285721,1115.05127,3346.953857,10.36410236,7.334285736,21.6820507,19.63999939,2.164102554,3.652857065,2.14871788,2.277142763,7.938461304,4.975714207,4.579487324,3.569999933,6.584615231,7.115714073
106,4091,491,0,1,1347.503052,829.5643921,34.07361984,23.58727837,1347.503052,2877.564453,12.64417171,10.41420078,16.68711662,11.76331329,1.196318984,2.736686468,2.325153351,2.803254366,6.257668495,4.619822502,5.368098259,4.118343353,3.466257572,3.529585838
107,4095,495,0,1,1955,1350,17.94117737,17.48467445,1955,3398,8.921568871,5.532567024,20.41176414,16.28544044,2.196078539,3.398467541,1.411764741,1.670498133,0.80392158,2.593869686,6.372549057,7.78352499,19.8235302,11.51149464
108,4124,524,0,1,1686.375,1246.117188,10.2109375,8.167081833,1686.375,3294.117188,5.625,6.037406445,54.609375,39.47631073,3.2890625,4.334164619,3.2578125,2.349127293,1.171875,4.109725475,3.8984375,3.463840485,14.984375,13.34164619
109,4131,531,0,1,1090.645508,1237.154541,39.09999847,36.80861282,1090.645508,3285.154541,10.5,9.755980492,10.75454521,15.48325348,2.454545498,5.267942429,2.299999952,2.478468895,0.672727287,1.105263114,4.727272511,4.818181992,19,18.78468895
110,4139,539,0,1,1189.630249,1310.016846,37.69747925,26.97614288,1189.630249,3358.016846,11.02521038,6.19284296,13.18487358,14.53876781,3.050420284,2.383697748,1.739495754,3.264413595,2.773109198,4.14314127,4.285714149,3.09940362,8.588234901,10.42544746
111,4143,543,0,1,1510.536255,1178.507202,83.98550415,54.46083069,1510.536255,3226.507324,12.942029,7.838709831,11.01449299,10.00460815,1.927536249,1.737327218,1.507246375,1.391705036,1.01449275,3.451612949,3.608695745,3.032258034,3.101449251,3.534562111
112,4150,550,0,1,1237.446411,1302.089233,37.88690567,34.41875076,1237.446411,3350.089355,16.2321434,11.45937538,10.375,10.03750038,0.964285731,1.15625,7.970238209,9.443750381,0.577380955,0.806249976,2.440476179,2.537499905,4.916666508,6.78125
113,4175,575,0,1,1233.032593,489.5869446,45.18478394,46.72291565,1233.032593,2537.586914,14.36956501,8.475000381,14.402174,8.506250381,2.413043499,2.197916746,1.336956501,1.952083349,0.684782624,3.802083254,2.641304255,3.020833254,2.684782505,5.962500095
114,4186,586,0,1,772.2072144,1025.51355,32.67567444,39.30994034,772.2072144,3073.513428,5.189188957,5.456140518,20.22522545,12.86257267,5.117116928,2.760233879,0.666666687,0.96198833,7.97297287,4.976608276,2.981981993,2.403508663,7.783783913,8.315789223
115,4188,588,0,1,1621.967407,1067.586914,24,18.64666748,1621.967407,3115.586914,11.01086998,6.25,11.96739101,13.28999996,3.369565248,3.450000048,0.793478251,1.370000005,3.119565248,3.920000076,1.717391253,2.323333263,2.847826004,3.073333263
116,4233,633,0,1,863.5894165,964.6556396,20.45033073,16.41656876,863.5894165,3012.655518,5.827814579,4.995266438,11.49006653,9.5467453,4.423841,3.5171597,1.450331092,2.112426043,0.900662243,2.842603445,2.602648973,2.452070951,3.470198631,3.849704027
117,4266,666,0,1,1569.593384,1345.516479,37.64834976,21.47567558,1569.593384,3393.516602,8.956044197,9.724324226,12.10988998,12.05945969,0.813186824,2.035135031,2.670329571,2.181081057,3.582417488,4.989189148,5.571428776,3.975675583,4.263736248,3.313513517
118,4271,671,0,1,1296.731934,920.0515747,27.53608322,23.27687263,1296.731934,2968.051514,13.17525768,10.69218254,15.85566998,12.85993481,3.288659811,2.982084751,2.226804018,2.519543886,0.422680408,1.760586262,2.886597872,3.317589521,4.030927658,4.061889172
119,4276,676,0,1,1141.551758,896.5861816,44.96551895,70.06806183,1141.551758,2944.586182,14.41379356,12.57591629,11.37931061,18.30366516,2.816092014,3.246073246,2.229885101,2.879581213,1.770114899,3.450261831,3.379310369,3.926701546,8.310344696,10.53403187
120,4293,693,0,1,1626.480347,1057.470581,17.2156868,12.84341621,1626.480347,3105.470703,11.74509811,5.149466038,11.66666698,8.923487663,0.578431368,2.14768672,1.235294104,1.585409284,0.745098054,2.149466276,2.578431368,2.195729494,2.392156839,2.49288249
121,4297,697,0,1,2014.929077,1311.174194,8.387096405,7.908629417,2014.929077,3359.174072,8.464515686,5.708121777,32.58709717,19.14974594,3.406451702,3.488578796,1.767741919,1.682741165,1.219354868,4.98984766,2.787096739,3.019035578,6.870967865,6.398477077
122,4302,702,0,1,1077.995605,1253.584106,20.11946869,20.20960045,1077.995605,3301.583984,12.64601803,10.95199966,22.07079697,23.71680069,4.836283207,5.702400208,3.159291983,3.329600096,7.535398006,7.05919981,7.871681213,7.284800053,4.995575428,6.38560009
123,4323,723,0,1,1105.715576,707.2018433,11.5871563,9.549192429,1105.715576,2755.201904,2.366972446,5.258443356,16.36697197,13.44933891,3.48623848,2.227606535,1.165137649,2.290748835,1.697247744,6.085168839,2.541284323,3.417033672,8.275229454,7.964757919
124,4336,736,0,1,1420.571411,895.3618774,25.39047623,36.0986824,1420.571411,2943.361816,16.88571358,9.712718964,11.83809566,9.70175457,3.142857075,3.039473772,1.91428566,2.230263233,0.876190484,1.381578922,2.63809514,2.703947306,2.400000095,2.442982435
125,4350,750,0,1,1657.921021,1239.912231,15.82456112,14.52238846,1657.921021,3287.912354,7.88596487,6.117537498,18,18.44216347,1.149122834,2.272387981,1.789473653,1.580223918,4.157894611,11.02052212,4.061403275,3.712686539,19.06140327,17.66604424
126,4357,757,0,1,1588.879761,1236.688477,16.93442535,17.69149017,1588.879761,3284.688477,7.819672108,5.251772881,9.928961754,25.15248299,1.327868819,2.425531864,0.44262296,1.413120508,2.027322292,4.184397221,1.120218635,1.898936152,3.229508162,5.680850983
127,4363,763,0,1,1630.252075,1305.109253,24.47899246,18.93409729,1630.252075,3353.109131,19.26050377,11.62750721,15.97478962,8.511461258,1.840336084,2.474211931,2.663865566,1.445558786,3.689075708,4.508595943,5.327731133,3.144699097,3.663865566,2.732091665
128,4366,766,0,1,1064.5,721.0983887,6.565573692,8.706065178,1064.5,2769.098389,9.573770523,8.538103104,9.467212677,9.636080742,2.008196831,2.479004622,1.672131181,2.14618969,6.409836292,11.20528793,4.811475277,5.118196011,5.540983677,5.583203793
129,4425,825,0,1,1134.915527,1135.318237,21.92207718,17.58533287,1134.915527,3183.318115,14.05194759,10.89733315,10.0714283,10.84133339,2.246753216,3.562666655,2.110389709,2.79066658,1.461038947,4.072000027,3.298701286,3.809333324,3.785714388,4.228000164
130,4431,831,0,1,1238.518799,1288.006226,16.22500038,18.79166603,1238.518799,3336.006348,3.575000048,4.524509907,17.66875076,15.31372547,5.237500191,4.272058964,6.96875,6.632352829,1.618749976,2.512254953,2.518749952,2.443627357,6.837500095,7.299019814
131,4436,836,0,1,1121.146362,695.8170776,16.19512177,16.85539246,1121.146362,2743.817139,3.695122004,8.139705658,11.80487823,8.669117928,2.817073107,2.399509907,0.841463387,1.997549057,8.780488014,7.411764622,3.402439117,3.801470518,5.073170662,5.137254715
132,4447,847,0,1,1092.799072,1312.534302,26.77169037,23.21708679,1092.799072,3360.53418,9.369862556,5.942576885,15.00913239,15.19747925,2.100456715,1.675070047,1.123287678,1.456582665,0.858447492,1.722689033,2.821917772,2.483193159,12.34703159,9.966386795
133,4474,874,0,1,1223.539551,1346.89209,47.02158356,67.35536957,1223.539551,3394.89209,11.07194233,9.603305817,17.04316521,15.50909138,2.352518082,3.195041418,2.064748287,2.542148829,3.913669109,4.634710789,4.258992672,3.914049625,11.18705082,11.94876003
134,4478,878,0,1,1518.578979,1045.927612,43.34210587,28.46694183,1518.578979,3093.927734,8.677631378,8.580578804,13.32236862,25.18181801,1.322368383,2.818181753,1.782894731,2.640495777,1.407894731,5.280991554,3.131578922,3.549586773,3.828947306,5.688016415
135,4496,896,0,1,1410.285156,1089.168701,28.2088356,32.19508362,1410.285156,3137.168701,12.8955822,9.116743088,15.96787167,14.63594437,2.590361357,3.892473221,2.457831383,3.161290407,2.385542154,3.643625259,4.606425762,4.640552998,4.971887589,6.37019968
136,4508,908,0,1,1372.707642,825.4561157,24.5087719,19.13299179,1372.707642,2873.456055,17.02923965,11.63682842,16.415205,16.08695602,2.578947306,3.585677862,0.830409348,1.769820929,1.350877166,3.038363218,2.438596487,2.746803045,3.84795332,5.012787819
137,4515,915,0,1,1437.264893,1064.900635,21.61589432,20.43364143,1437.264893,3112.900635,5.410595894,5.862654209,14.847682,13.55864239,1.900662303,2.415123463,1.066225171,1.890432119,3.920529842,4.310184956,3.49006629,3.825617313,12.85430431,8.726851463
138,4519,919,0,1,1478.377197,1177.697144,60.30285645,40.20481873,1478.377197,3225.697021,16.38285637,9.33562851,11.62857151,9.557659149,0.817142844,1.716006875,1.668571472,1.851979375,0.794285715,1.564543843,3.702857256,3.247848511,5.314285755,5.910499096
139,4559,959,0,1,1236.991943,544.1613159,7.016129017,8.103912354,1236.991943,2592.161377,9.362903595,7.419315338,11.41935444,13.99144268,3.112903118,3.974327564,1.629032254,2.530562401,6.798387051,15.16136932,4.129032135,4.45232296,5.483870983,6.976772785
140,4586,986,0,1,1556.446655,1277.009766,17.6601944,11.32754898,1556.446655,3325.009766,8.572815895,6.737526894,26.96116447,14.90889359,3.252427101,2.633405685,3.349514484,1.991323233,2.436893225,3.746203899,5.029126167,2.978307962,11.36893177,6.453362465
141,4587,987,0,1,1514.823853,785,23.32704353,15.01084614,1514.823853,2833,9.55974865,6.598698616,17.59119415,11.32537937,0.792452812,1.832971811,1.71069181,1.537961006,0.685534596,1.08459866,3.163522005,2.318871975,4.773584843,3.268980503
142,4591,991,0,1,1133.708374,844.09375,22.5,17.15428543,1133.708374,2892.09375,10.51041698,8.491428375,13.82291698,17.08857155,3.395833254,3.299999952,1.770833373,2.511428595,3.302083254,3.505714178,3.989583254,3.877142906,9.229166985,7.760000229
143,4597,997,0,1,1492.715942,1163.528442,34.89204407,34.72618866,1492.715942,3211.52832,14.97727299,9.515306473,11.596591,12.70068073,1.795454502,2.404761791,1.818181872,2.107142925,6.107954502,4.372448921,3.761363745,3.513605356,5.346590996,4.994897842
144,4609,1009,0,1,1380.882324,1112.453735,24.15126038,32.47254562,1380.882324,3160.453857,14.15966415,7.775374413,10.86554623,11.26455879,1.747899175,3.69717145,1.411764741,2.460898399,1.260504246,4.001663685,3.008403301,4.176372528,3.546218395,4.500832081
145,4615,1015,0,1,1129.551514,887.0220337,19.22058868,24.26873779,1129.551514,2935.021973,15.73529434,11.02011013,10,8.94332695,1.139705896,2.731261492,1.588235259,2.394881248,1.095588207,2.561243057,2.536764622,2.965265036,3.404411793,4.716636181
146,4626,1026,0,1,1482.56665,956.5133057,15.64666653,21.38378334,1482.56665,3004.513428,8.873332977,9.622973442,13.50666714,12.0216217,1.986666679,3.905405521,1.340000033,3.021621704,9.146666527,5.287837982,4.159999847,4.283783913,2.866666555,3.260810852
147,4629,1029,0,1,1278.816406,969.8860474,22.02531624,42.46250153,1278.816406,3017.885986,11.49367046,17.08392906,13.31645584,12.64107132,1.943037987,3.782142878,1.531645536,2.864285707,7.012658119,5.676785946,4.550632954,4.564285755,2.069620371,3.224999905
148,4641,1041,0,1,1521.76062,1168.563843,21.52127647,20.64007759,1521.76062,3216.563721,6.664893627,5.239299774,11.52659607,11.56420231,1.398936152,1.66926074,1.755319118,1.363813281,2.324468136,2.33073926,4.15425539,3.060311317,3.143616915,2.688715935
149,4644,1044,0,1,1235.271729,1314.49707,25.50288963,41.19421387,1235.271729,3362.49707,11.41618538,8.483470917,11.69942188,14.23347092,3.127167702,2.884297609,6.930635929,4.8801651,0.682080925,5.438016415,2.849710941,3.752066135,4.514451027,11.29132271
150,4645,1045,0,1,1458.469849,1439.073853,19.15436172,22.37010765,1458.469849,3487.07373,3.664429426,3.387900352,13.36241627,8.572954178,1.375838876,1.074733138,1.42281878,0.856464982,1.395973206,2.930011749,3.140939713,1.727164865,15.05369091,6.988137722
151,4661,1061,0,1,1309.957397,1280.02124,53.6595726,36.26415253,1309.957397,3328.02124,10.26595783,7.5,9.978723526,24.96226501,0.606382966,2.622641563,1.212765932,2.864779949,3.234042645,12.13522053,4.531914711,5.279874325,10.60638332,13.320755
152,4710,1110,0,1,1574.266724,1256.71106,18.67777824,17.83012772,1574.266724,3304.711182,7.511111259,4.907051086,10.86666679,14.09935856,1.666666627,1.756410241,0.822222233,1.192307711,2.233333349,2.913461447,3.799999952,2.942307711,3.622222185,4.868589878
153,4733,1133,0,1,1377.089233,1316.571411,14.5535717,10.64347839,1377.089233,3364.571533,6.883928776,8.949564934,26.6785717,14.64173889,3.142857075,2.648695707,6.383928776,7.158260822,2.633928537,4.445217609,0.544642866,1.20869565,1.758928537,2.939130545
154,4757,1157,0,1,1509.564819,1255.064819,15.60185146,10.50646019,1509.564819,3303.064697,9.79629612,8.117570877,12.90740776,10.71059418,2.166666746,2.258397818,2.185185194,1.554263592,3.07407403,6.533591747,3.962962866,3.103359222,10.65740776,9.571059227
155,4761,1161,0,1,1562.963257,857.625,15.7867651,17.5917263,1562.963257,2905.625,12.83088207,7.102518082,12.9117651,13.37589931,1.786764741,3.618705034,2.044117689,2.377697945,0.507352948,2.343525171,2.477941275,2.856115103,2.727941275,3.255395651
156,4770,1170,0,1,1644.660522,1178.351807,11.62345695,9.771428108,1644.660522,3226.351807,10.01851845,9.192856789,41.44444275,28.06999969,1.567901254,2.724285603,2.11728406,1.951428533,3.604938269,5.167142868,4.567901134,3.274285793,13.40740776,8.640000343
157,4795,1195,0,1,1668.5354,1228.383789,13.56565666,11.34526825,1668.5354,3276.383789,8.78787899,9.409207344,35.61616135,30.23017883,2.888888836,3.69309473,2.323232412,2.127877235,3.333333254,7.603580475,3.383838415,3.368286371,14.20202065,11.79283905
158,4796,1196,0,1,1603.612549,1421.212524,19.4375,16.57685661,1603.612549,3469.212402,14.88749981,9.870466232,48.96875,31.40414429,2.03125,3.768566608,1.706249952,2.611398935,7.143750191,7.379965305,4.787499905,3.778929234,20.20624924,15.06908417
159,4798,1198,0,1,1021.799988,1277.822266,25.15555573,42.88308334,1021.799988,3325.822266,16.99444389,19.514925,26.66666603,19.94776154,4.111111164,3.308457613,2.549999952,2.860696554,0.711111128,2.467661619,4,3.453980207,4.466666698,4.097014904
160,4807,1207,0,1,1349.47644,872.1588135,28.11176491,24.8563633,1349.47644,2920.158936,17.87647057,16.9309082,9.547059059,11.75090885,0.79411763,2.796363592,2.405882359,2.783636332,6.329411983,4.049090862,4.035294056,3.652727365,2.641176462,2.558181763
161,4822,1222,0,1,1363.792236,341.1753235,34.09740448,41.65776443,1363.792236,2389.175293,10.61038971,8.018363953,18,14.29883099,1.88961041,2.78798008,2.051948071,2.479131937,0.090909094,0.716193676,2.525974035,2.801335573,2.246753216,4.472454071
162,4844,1244,0,1,1172.455566,1319.792847,31.92899323,22.00618172,1172.455566,3367.792969,7.360946655,7.200927258,10.15384579,7.075734138,1.301775098,1.663060308,1.562130213,1.319938183,0.562130153,1.652241111,3.147928953,2.411128283,12.89940834,10.77588844
163,4849,1249,0,1,1239.491211,958.824585,28.58771896,21.38397408,1239.491211,3006.824463,7.3157897,9.218697548,11.78070164,7.619365692,2.508771896,3.243739605,1.070175409,2.258764505,5.692982674,3.762938261,3.850877285,3.836394072,3.008771896,4.415692806
164,4855,1255,0,1,1619.043335,1265.711182,16.20577621,16.74528313,1619.043335,3313.711182,6.610108376,7.718029499,11.09386253,9.027254105,0.509025276,1.262054563,1.039711237,1.079664588,4.180505276,5.468553543,2.89891696,2.605870008,3.364620924,3.708595276
165,4883,1283,0,1,1700.672363,1366.405151,8.258620262,7.370324135,1700.672363,3414.405273,8.577586174,5.97506237,12.84482765,7.134663105,0.663793087,1.674563646,2.060344934,1.185785532,3.637931108,6.699501038,3.913793087,2.825436354,4.413793087,3.487531185
166,4900,1300,0,1,1596.447388,1077.894775,21.7456131,17.29976654,1596.447388,3125.894775,6.956140518,5.845433235,13,27.80562019,0.991228044,2.817330122,0.692982435,2.156908751,0.850877166,6.281030655,2.570175409,3.548009396,5.692982674,9.625292778
167,4903,1303,0,1,1523.707642,1015.407715,20.3538456,23.00724602,1523.707642,3063.407715,7.884615421,6.288043499,17.16923141,13.79166698,2.323076963,2.896739244,1.707692266,2.407608747,1.261538506,2.282608747,3.8307693,3.13949275,4.015384674,3.262681246
168,4922,1322,0,1,1637.526978,1329.401245,12.94610786,9.326288223,1637.526978,3377.401123,7.221556664,5.401585102,90.78443146,37.15851974,5.760478973,3.153236389,5.155688763,2.157199383,1.616766453,2.973579884,4.988023758,2.657860041,12.52694607,7.031703949
169,4928,1328,0,1,1435.858398,1241.039795,24.25221252,32.9319458,1435.858398,3289.039795,10.83185863,7.684722424,13.70353985,11.8166666,1.460176945,1.930555582,2.066371679,2.015277863,0.991150439,1.827777743,3.451327324,2.747222185,2.703539848,3.070833445
170,4997,1397,0,1,1517.78418,1004.230225,27.41007233,20.5625,1517.78418,3052.230225,6.086330891,5.008620739,11.25179863,12.3771553,0.769784153,1.549569011,1.122302175,2.015086174,1.546762586,3.359913826,3.158273458,3.273706913,4.446043015,5.13793087
171,5003,1403,0,1,1474.830688,1311.391479,10.39682579,10.42764854,1474.830688,3359.391602,17.70899391,10.45736408,10.21693134,12.50775146,1.116402149,2.143410921,1.037037015,1.586563349,5.560846329,12.08914757,4.079365253,3.879844904,7.481481552,9.718346596
172,5020,1420,0,1,1001.313538,1138.983032,25.74576187,25.58243179,1001.313538,3186.983154,14.13559341,19.90675735,12.41525459,10.55135155,4.974576473,6.321621418,3.186440706,4.648648739,9.0169487,8.855405807,5.889830589,5.772973061,3.915254354,6.310811043
173,5051,1451,0,1,1522.901611,1069.180298,43.95082092,25.95918274,1522.901611,3117.18042,11.62295055,7.991496563,10.81147575,13.31122494,1.196721315,2.496598721,1.475409865,1.984693885,0.549180329,3.299319744,4.196721077,3.945578337,3.713114738,5.426870823
174,5073,1473,0,1,1268.054321,827.8604736,10.15503883,8.454421997,1268.054321,2875.860352,3.9069767,6.507483006,20.65891457,10.71972752,1.542635679,2.258503437,1.751937985,1.995918393,8.837209702,5.092516899,4.9069767,3.117006779,2.868216991,3.122448921
175,5103,1503,0,1,1225.551758,440.25,34.06896591,23.77777863,1225.551758,2488.25,12.40517235,7.509803772,11.67241383,8.734205246,1.879310369,2.481481552,2.327586174,2.259259224,0.965517223,7.801743031,4.456896782,4.603486061,4.043103218,6.581699371
176,5109,1509,0,1,1132.146118,1274.588989,25.59817314,19.9809742,1132.146118,3322.589111,15.68949795,8.897740364,15.00456619,22.26515961,2.8904109,2.850178242,2.009132385,2.354340076,1.228310466,2.985731363,3.23744297,3.20570755,6.23744297,7.724137783
177,5112,1512,0,1,1433.805542,1022.398132,99.95370483,75.74476624,1433.805542,3070.398193,18.72222137,12.61087894,10.23148155,12.52580166,3.097222328,4.093444824,2.722222328,4.174337387,0.847222209,5.453277588,4.472222328,5.344491005,4.27314806,5.025104523
178,5113,1513,0,1,1961.560547,1261.825806,24.39393997,14.34808254,1961.560547,3309.825684,6.068181992,6.330383301,32.21212006,18.4321537,6.128787994,3.988200665,3.083333254,2.064896822,1.143939376,3.092920303,4.78787899,3.4247787,15.09848499,12.0294981
179,5139,23,1,0,1084.440674,1836.27124,174.9830475,111.8841171,3132.440674,1836.27124,14.33898258,14.69957066,9.694914818,9.982832909,0.457627118,3.062231779,1.881355882,2.755364895,5.237287998,8.854077339,2.915254354,4.356223106,4.423728943,4.96566534
180,5141,25,1,0,1002.878784,1845.302979,51.45454407,31.403162,3050.878906,1845.302979,12.24242401,8.889328003,16.36363602,6.814229012,0.090909094,2.980237246,4.333333492,2.355731249,3.181818247,4.316205502,3.969696999,3.648221254,5.060606003,3.553359747
181,5142,26,1,0,203,1373.186401,12,7.157051086,2251,1373.186401,3.593220234,3.823717833,14.91525459,6.506410122,0.644067824,1.730769277,1.491525412,1.701923132,3.389830589,3.342948675,3.389830589,3,2.389830589,2.387820482
182,5158,42,1,0,290.9545593,1257.121216,75.30303192,75.34658813,2338.95459,1257.121216,16.13636398,16.98863602,20.95454597,22.75568199,2.227272749,2.482954502,1.621212125,2.852272749,1,2.210227251,2.803030252,3.789772749,6.090909004,5.596590996
183,5187,71,1,0,304.171051,1094.394775,16.84210587,18.060606,2352.171143,1094.394775,10.05263138,8.545454979,10.26315784,8.356506348,2.039473772,3.106951952,1.434210539,2.559714794,8.078947067,25.37254906,4.578947544,6.053475857,6.421052456,5.859179974
184,5203,87,1,0,292.519989,1247.540039,113.1800003,45.11621475,2340.52002,1247.540039,12.96000004,7.651351452,10.85999966,22.45675659,4.239999771,3.099999905,1.360000014,2.221621513,5.380000114,14.02972984,4.300000191,4.545946121,9.06000042,10.43243217
185,5219,103,1,0,321.75,1246.25,27.93518448,71.34869385,2369.75,1246.25,16.08333397,26.10599136,13.75925922,14.47772694,3.277777672,4.854070663,4.824074268,4.542242527,3.046296358,5.56221199,5.074074268,5.434715748,3.870370388,4.225806236
186,5239,123,1,0,874.7526855,1259.236572,19,16.65868187,2922.752686,1259.236572,12.77419376,9.428143501,14.66666698,11.20658684,3.967741966,4.681137562,3.817204237,3.425149679,7.731182575,15.66467094,5.290322781,6.60928154,20.76344109,14.32784462
187,5321,205,1,0,924.7207031,1395.279297,17.67567635,15.16758728,2972.720703,1395.279297,11.16216183,7.567219257,19.53153229,17.25230217,2.099099159,2.69981575,4.02702713,2.819521189,7.189188957,13.0405159,6,5.331491947,10.4594593,12.96500874
188,5470,354,1,0,338.3908081,1230.195435,60.51724243,47.28781509,2386.390869,1230.195435,15.47126484,14.48949623,14.75862026,11.17016792,4.298850536,3.810924292,1.528735638,2.865546227,3.758620739,6.739495754,3.287356377,4.367647171,2.747126341,4.464285851
189,5495,379,1,0,360.7291565,1256.208374,79.7638855,80.96755981,2408.729248,1256.208374,18,15.90648842,10.00694466,9.297709465,2.201388836,3.583969355,1.854166627,2.843511343,0.229166672,1.280534387,4.201388836,4.400763512,5.722222328,6.1603055
190,5503,387,1,0,900.4883423,1435.662842,143.9651184,108.4233398,2948.488281,1435.662842,14.7441864,10.1464529,13.23255825,11.04347801,1.279069781,2.661327124,3.209302425,3.398169279,7.744185925,5.400457859,5.697674274,4.578947544,6.790697575,7.782608509
191,5538,422,1,0,109.477478,1593.666626,11.97297287,12.76109219,2157.477539,1593.666626,5.063063145,8.107508659,20.17117119,21.82935143,0.522522509,3.860068321,0.819819808,3.124573469,9.702702522,15.74402714,4.144144058,5.273037434,7.837837696,8.445392609
192,5666,550,1,0,144.3630066,1417.44519,20.80821991,19.88006973,2192.363037,1417.44519,4.9383564,6.393298149,11.88356209,12.16049385,0.253424644,2.167548418,1.061643839,2.264550209,9.431507111,11.50264549,4.506849289,4.728394985,2.746575356,6.248677254
193,5709,593,1,0,322.9611206,1214.894409,59.41666794,48.66530228,2370.961182,1214.894409,14.56111145,14.35519123,15.33888912,12.63934422,3.455555439,3.117486238,3.488888979,2.857923508,9.455555916,7.269125462,4.988888741,3.863388062,4.055555344,4.280054569
194,5926,810,1,0,170.9899445,777.0351563,18.17085457,35.33149338,2218.98999,777.0351563,7.819095612,8.06353569,21.07035255,16.08287239,2.984924555,2.867403269,3.427135706,2.483425379,1.884422064,2.93784523,4.663316727,3.680939198,11.30150795,7.497237682
195,5979,863,1,0,329,1566.567261,27.03846169,15.98337936,2377,1566.567261,10.59615421,7.418282509,10.34615421,9.254847527,2.403846264,4.434903145,2.855769157,2.867036104,2.509615421,5.722991467,23.27884674,12.66481972,5,5.844875336
196,6068,952,1,0,497.4740601,1516.622192,11.31111145,11.92553234,2545.474121,1516.622192,8.881481171,7.814893723,13.98518562,10.20212746,1.996296287,3.591489315,2.814814806,2.915957451,3.025925875,6.336170197,4.651851654,4.313829899,13.65185165,9.511702538
197,6157,1041,1,0,1995.333374,1690.273804,8.5,13.14321899,4043.333252,1690.273804,1.875,2.988593102,12.25,5.527249813,3.291666746,1.742712259,0.886904776,0.666666687,6.190476418,4.414448738,3.529761791,2.086184978,1.84523809,1.386565328
198,6215,1099,1,0,1510.633545,2028.720459,11.40372658,6.098591328,3558.633545,2028.720459,8.304347992,3.815492868,11.47826099,6.885915279,0.950310588,0.876056314,0.801242232,0.918309867,0.453416139,0.561971843,2.03726697,1.605633855,1.732919216,1.132394314
199,6242,1126,1,0,357.8899231,1317.444946,130.5412903,95.37458801,2405.889893,1317.444946,19.57798195,13.07095718,13.83486271,16.15181541,3.761467934,4.666666508,3.522935867,3.204620361,2.683486223,3.72607255,4.752293587,4.188118935,6.733944893,6.189768791
